-- MySQL dump 10.13  Distrib 8.0.12, for Win64 (x86_64)
--
-- Host: localhost    Database: joongo
-- ------------------------------------------------------
-- Server version	8.0.12

/*!40101 SET @OLD_CHARACTER_SET_CLIENT=@@CHARACTER_SET_CLIENT */;
/*!40101 SET @OLD_CHARACTER_SET_RESULTS=@@CHARACTER_SET_RESULTS */;
/*!40101 SET @OLD_COLLATION_CONNECTION=@@COLLATION_CONNECTION */;
 SET NAMES utf8 ;
/*!40103 SET @OLD_TIME_ZONE=@@TIME_ZONE */;
/*!40103 SET TIME_ZONE='+00:00' */;
/*!40014 SET @OLD_UNIQUE_CHECKS=@@UNIQUE_CHECKS, UNIQUE_CHECKS=0 */;
/*!40014 SET @OLD_FOREIGN_KEY_CHECKS=@@FOREIGN_KEY_CHECKS, FOREIGN_KEY_CHECKS=0 */;
/*!40101 SET @OLD_SQL_MODE=@@SQL_MODE, SQL_MODE='NO_AUTO_VALUE_ON_ZERO' */;
/*!40111 SET @OLD_SQL_NOTES=@@SQL_NOTES, SQL_NOTES=0 */;

--
-- Table structure for table `categories`
--

DROP TABLE IF EXISTS `categories`;
/*!40101 SET @saved_cs_client     = @@character_set_client */;
 SET character_set_client = utf8mb4 ;
CREATE TABLE `categories` (
  `catNo` int(8) NOT NULL AUTO_INCREMENT,
  `catName` varchar(24) NOT NULL,
  PRIMARY KEY (`catNo`)
) ENGINE=InnoDB AUTO_INCREMENT=10 DEFAULT CHARSET=utf8mb4 COLLATE=utf8mb4_0900_ai_ci;
/*!40101 SET character_set_client = @saved_cs_client */;

--
-- Dumping data for table `categories`
--

LOCK TABLES `categories` WRITE;
/*!40000 ALTER TABLE `categories` DISABLE KEYS */;
INSERT INTO `categories` VALUES (1,'의류'),(2,'가전제품'),(3,'화장품'),(4,'악기음향기기'),(5,'도서'),(6,'생활용품'),(7,'스포츠'),(8,'식품'),(9,'기타');
/*!40000 ALTER TABLE `categories` ENABLE KEYS */;
UNLOCK TABLES;

--
-- Table structure for table `favorite`
--

DROP TABLE IF EXISTS `favorite`;
/*!40101 SET @saved_cs_client     = @@character_set_client */;
 SET character_set_client = utf8mb4 ;
CREATE TABLE `favorite` (
  `favoNo` int(8) NOT NULL AUTO_INCREMENT,
  `userNo` int(8) NOT NULL,
  `proNo` int(8) NOT NULL,
  `wdate` timestamp NULL DEFAULT CURRENT_TIMESTAMP,
  PRIMARY KEY (`favoNo`)
) ENGINE=InnoDB AUTO_INCREMENT=88 DEFAULT CHARSET=utf8mb4 COLLATE=utf8mb4_0900_ai_ci;
/*!40101 SET character_set_client = @saved_cs_client */;

--
-- Dumping data for table `favorite`
--

LOCK TABLES `favorite` WRITE;
/*!40000 ALTER TABLE `favorite` DISABLE KEYS */;
INSERT INTO `favorite` VALUES (41,2,79,NULL),(43,2,95,NULL),(44,2,95,NULL),(47,2,111,NULL),(48,2,111,NULL),(49,2,111,NULL),(52,2,111,NULL),(57,9,110,NULL),(75,23,118,'2018-12-18 09:30:07'),(77,9,6,'2018-12-18 12:31:26'),(78,9,7,'2018-12-18 12:31:30'),(79,9,2,'2018-12-18 12:31:36'),(87,15,141,'2018-12-21 12:11:48');
/*!40000 ALTER TABLE `favorite` ENABLE KEYS */;
UNLOCK TABLES;

--
-- Table structure for table `image`
--

DROP TABLE IF EXISTS `image`;
/*!40101 SET @saved_cs_client     = @@character_set_client */;
 SET character_set_client = utf8mb4 ;
CREATE TABLE `image` (
  `imgNo` int(11) NOT NULL AUTO_INCREMENT,
  `proNo` int(11) NOT NULL,
  `imagePath` text NOT NULL,
  PRIMARY KEY (`imgNo`,`proNo`)
) ENGINE=InnoDB AUTO_INCREMENT=235 DEFAULT CHARSET=utf8mb4 COLLATE=utf8mb4_0900_ai_ci;
/*!40101 SET character_set_client = @saved_cs_client */;

--
-- Dumping data for table `image`
--

LOCK TABLES `image` WRITE;
/*!40000 ALTER TABLE `image` DISABLE KEYS */;
INSERT INTO `image` VALUES (1,1,'src'),(2,1,'src/image'),(3,1,'src/path'),(4,1,'src/onon'),(5,1,'slf/ds'),(6,1,'dsknv/sdf'),(7,1,'smdf'),(8,1,'slknfl'),(9,1,'dfknn'),(10,1,'slkdn'),(11,2,'a'),(12,2,'b'),(13,2,'c'),(14,2,'d'),(15,3,'f'),(16,3,'g'),(17,3,'q'),(18,3,'d'),(21,7,'imagePath'),(22,62,'/joongo/upload/ebb07105-215c-4eec-9040-b677f127e3ab.jpg'),(23,62,'/joongo/upload/9589392c-66de-4c65-a408-5922e48ea63f.bmp'),(24,62,'/joongo/upload/5499f500-c8a3-475a-a004-a2a038e90c68.png'),(25,62,'/joongo/upload/3a9d8d7d-5824-4081-aaa7-a3276b97ddec.gif'),(26,63,'/joongo/upload/a2d0d20c-ac68-4da2-8fc5-793c50eac1a5.bmp'),(27,63,'/joongo/upload/0a9e8e83-791d-4a81-a112-5d87509c1c68.png'),(28,63,'/joongo/upload/d69caee8-c8ef-489a-b73c-6548d0539f51.jpg'),(29,63,'/joongo/upload/bc538841-3d28-477a-a530-abe1314bf7b8.gif'),(30,64,'/joongo/upload/13612e92-f9e8-4794-b485-4d042a9d2a3f.png'),(31,64,'/joongo/upload/a013c880-12ef-4714-82e3-51f095d6f5ed.bmp'),(32,64,'/joongo/upload/af862a88-2d0e-4024-ad62-1f9f6c22afd2.jpg'),(33,64,'/joongo/upload/c5a167f5-fcd2-401c-b1ba-6cda7b815eb6.gif'),(34,65,'/joongo/upload/24965d05-ee6a-4ef4-b7f6-e5c0026e8377.bmp'),(35,65,'/joongo/upload/3da76075-db02-4e2d-bae6-fb22dd2061a1.jpg'),(36,65,'/joongo/upload/8909dca0-ea90-42e9-9dd3-74bda9333c67.png'),(37,65,'/joongo/upload/b5546ed5-6e9a-4386-857e-796fc2cc3fc2.gif'),(38,66,'/joongo/upload/ea6f6f3b-d20f-4a30-ac03-bb9c92522272.png'),(39,66,'/joongo/upload/8d6dd2fd-b3c9-4ed6-b81f-4e1f3c5e6de8.jpg'),(40,66,'/joongo/upload/a7c6d29a-293b-451c-9d80-e33c4f3a16c1.bmp'),(41,66,'/joongo/upload/943f8286-9c42-4c98-8356-c3bcae4c79d8.gif'),(42,67,'/joongo/upload/8597a72a-7559-474b-a3ed-a0ee027482a4.png'),(43,68,'/joongo/upload/4194142c-b229-4b1e-b888-64d162288c2e.png'),(44,69,'/joongo/upload/4194142c-b229-4b1e-b888-64d162288c2e.png'),(45,70,'/joongo/upload/4194142c-b229-4b1e-b888-64d162288c2e.png'),(46,71,'/joongo/upload/4194142c-b229-4b1e-b888-64d162288c2e.png'),(47,80,'/joongo/upload/d4f42ee7-1dd2-4733-935f-822398ce77a4.jpg'),(48,80,'/joongo/upload/8c42e206-02d7-46ab-bfc4-c098a17f0ac1.jpg'),(49,80,'/joongo/upload/ad48d5b1-8cd2-4153-9252-2c977a19d353.jpg'),(50,81,'/joongo/upload/52cf51a1-c688-4caf-9294-a31ad41b7fe2.jpg'),(51,81,'/joongo/upload/368f959e-a2bc-4ada-87ed-39910553803d.jpg'),(52,81,'/joongo/upload/ef430eac-bcd5-4094-ab75-412ee0881766.jpg'),(53,83,'/joongo/upload/ceb8c36c-552d-4f18-a95d-c9c22f74eb63.jpg'),(54,83,'/joongo/upload/9bc94eba-566b-4698-9603-b6e5dcbbe638.jpg'),(55,84,'/joongo/upload/44b7b08a-f6a6-4a98-913d-1dd9a9dac859.jpg'),(56,84,'/joongo/upload/36524fe5-c344-4997-ba57-628365356e08.jpg'),(57,84,'/joongo/upload/c2cb927d-5fc7-422f-8d82-c92ba8eec532.jpg'),(58,84,'/joongo/upload/a2fd116f-41d9-4306-9ff3-d1431c126a4a.jpg'),(59,84,'/joongo/upload/4bd12fdc-c9be-4ee4-a53f-4ee64bfb9622.jpg'),(60,85,'/joongo/upload/bdf17b7e-5eb2-4007-8cfc-be9ea2cc1a33.jpg'),(61,85,'/joongo/upload/bf05e978-d52b-477c-b9a8-e0e30e01c209.jpg'),(62,85,'/joongo/upload/c477787c-f528-46d9-a9e3-bf258e30ace4.jpg'),(63,85,'/joongo/upload/3a9c53cf-0de6-4b9d-8256-de577022a452.jpg'),(64,85,'/joongo/upload/2157f24b-c93d-4a86-9363-d7f6d6807d53.jpg'),(65,86,'/joongo/upload/7af3f4e9-36a1-48d0-ba69-30c16c30a021.jpg'),(66,86,'/joongo/upload/0f379de1-31c9-4a6b-ad23-96a11f434fd8.jpg'),(67,86,'/joongo/upload/08714f22-73d8-4e6f-930f-b143dabc4bb7.jpg'),(68,86,'/joongo/upload/557f4781-30c4-4bae-82f8-b139e7a951a0.jpg'),(69,86,'/joongo/upload/34c9bc92-cfd9-455f-a70d-928ab50d1f2e.jpg'),(70,87,'/joongo/upload/f1063a94-8f86-4f8e-9ce2-ec457e38536b.jpg'),(71,87,'/joongo/upload/ee350447-5e0f-4cf7-b72c-c0c4611076df.jpg'),(72,87,'/joongo/upload/3adee222-3111-45ae-a6e4-47c55e62367d.jpg'),(73,87,'/joongo/upload/0e35f58c-02f3-4e05-ae51-ab05d340c0e8.jpg'),(74,87,'/joongo/upload/fd62ba25-d476-421f-8c33-b4fd363376b8.jpg'),(75,88,'/joongo/upload/80a07264-2501-4b61-aa56-f7f9d5d9ad53.jpg'),(76,88,'/joongo/upload/ea976029-93da-472b-a72d-17871ffd50aa.jpg'),(77,88,'/joongo/upload/277d3e85-a88a-463d-9e46-2f3261501a24.jpg'),(78,88,'/joongo/upload/083020f2-aa0f-4c15-9632-3f1013ec72d8.jpg'),(79,88,'/joongo/upload/bad9622b-1782-461e-9089-d3d2654c9a6c.jpg'),(80,89,'/joongo/upload/23a84806-2db3-4121-9733-4a18952f99dc.jpg'),(81,89,'/joongo/upload/07b1f3b7-bb21-4076-b066-3f84e3f1f10f.jpg'),(82,89,'/joongo/upload/4c648a6f-fb3f-4b25-9438-9f84a9c236d4.jpg'),(83,89,'/joongo/upload/4c648a6f-fb3f-4b25-9438-9f84a9c236d4.jpg'),(84,89,'/joongo/upload/4c648a6f-fb3f-4b25-9438-9f84a9c236d4.jpg'),(85,89,'/joongo/upload/23a84806-2db3-4121-9733-4a18952f99dc.jpg'),(86,89,'/joongo/upload/07b1f3b7-bb21-4076-b066-3f84e3f1f10f.jpg'),(87,89,'/joongo/upload/4c648a6f-fb3f-4b25-9438-9f84a9c236d4.jpg'),(88,89,'/joongo/upload/4c648a6f-fb3f-4b25-9438-9f84a9c236d4.jpg'),(89,90,'/joongo/upload/aaf8daa8-277d-4b18-bee1-5af0d28ee272.jpg'),(90,90,'/joongo/upload/5690c347-fe36-42b2-b6ac-b24e7ca4a3cb.jpg'),(91,90,'/joongo/upload/aaf8daa8-277d-4b18-bee1-5af0d28ee272.jpg'),(92,90,'/joongo/upload/5690c347-fe36-42b2-b6ac-b24e7ca4a3cb.jpg'),(93,90,'/joongo/upload/aaf8daa8-277d-4b18-bee1-5af0d28ee272.jpg'),(94,90,'/joongo/upload/5690c347-fe36-42b2-b6ac-b24e7ca4a3cb.jpg'),(95,90,'/joongo/upload/aaf8daa8-277d-4b18-bee1-5af0d28ee272.jpg'),(96,90,'/joongo/upload/5690c347-fe36-42b2-b6ac-b24e7ca4a3cb.jpg'),(97,91,'/joongo/upload/6df374fa-fa8d-4c68-89b1-adcc5cfa36cd.jpg'),(98,91,'/joongo/upload/402dcf93-b721-48d7-949e-0150e0e592af.jpg'),(99,91,'/joongo/upload/6df374fa-fa8d-4c68-89b1-adcc5cfa36cd.jpg'),(100,91,'/joongo/upload/402dcf93-b721-48d7-949e-0150e0e592af.jpg'),(101,92,'/joongo/upload/8acaebf3-6594-4f0e-8138-9929196e5fac.jpg'),(102,92,'/joongo/upload/cd7f361a-493e-401f-aafe-2a69c27bf387.jpg'),(103,92,'/joongo/upload/8acaebf3-6594-4f0e-8138-9929196e5fac.jpg'),(104,92,'/joongo/upload/cd7f361a-493e-401f-aafe-2a69c27bf387.jpg'),(105,93,'/joongo/upload/ce33a792-d4b6-4d9b-b092-fce758baa9be.jpg'),(106,93,'/joongo/upload/14241729-7937-408e-841e-f9afe7c47fe4.jpg'),(107,93,'/joongo/upload/23de0c82-062f-464b-9bac-9d330fa54f7d.jpg'),(108,93,'/joongo/upload/a67979e9-3d35-4afd-9ae5-dc11c82fa46a.jpg'),(109,93,'/joongo/upload/ce33a792-d4b6-4d9b-b092-fce758baa9be.jpg'),(110,93,'/joongo/upload/14241729-7937-408e-841e-f9afe7c47fe4.jpg'),(111,93,'/joongo/upload/23de0c82-062f-464b-9bac-9d330fa54f7d.jpg'),(112,93,'/joongo/upload/ce33a792-d4b6-4d9b-b092-fce758baa9be.jpg'),(113,93,'/joongo/upload/14241729-7937-408e-841e-f9afe7c47fe4.jpg'),(114,93,'/joongo/upload/23de0c82-062f-464b-9bac-9d330fa54f7d.jpg'),(115,96,'/joongo/upload/de36606c-0f59-4ca9-84b0-c0cc42fe2cee.jpg'),(116,96,'/joongo/upload/934f0eeb-f082-418f-b7e4-270b5a25771d.jpg'),(117,97,'/joongo/upload/d80fcfc4-2403-4705-aff7-8281e0dcbd8e.jpg'),(118,97,'/joongo/upload/863f4547-7102-44ab-9f1e-3a58d8c4598d.jpg'),(119,97,'/joongo/upload/d80fcfc4-2403-4705-aff7-8281e0dcbd8e.jpg'),(120,97,'/joongo/upload/863f4547-7102-44ab-9f1e-3a58d8c4598d.jpg'),(121,96,'/joongo/upload/de36606c-0f59-4ca9-84b0-c0cc42fe2cee.jpg'),(127,98,'/joongo/upload/a2d36391-2a4b-41e9-bc02-5b956d7d354a.jpg'),(128,98,'/joongo/upload/4825a44d-dc0b-4fd3-8d90-c83f9f2b98dd.jpg'),(134,99,'/joongo/upload/dcfd710e-ba8e-4989-8f41-696f3802ee7f.jpg'),(135,99,'/joongo/upload/5a42c655-e358-48cc-95f9-4ab076dd0cb1.jpg'),(136,99,'/joongo/upload/50c11cba-8b2c-4062-960f-0e44cf7ce11d.jpg'),(142,100,'/joongo/upload/7072f620-950f-4a66-a337-b8b566ce43fc.jpg'),(144,101,'/joongo/upload/13df8ae8-6b33-4694-be49-9f6ad684f0ec.jpg'),(145,101,'/joongo/upload/cdb5a222-79a2-4164-a044-b1c51b923535.jpg'),(146,101,'/joongo/upload/ac60f958-f720-400b-bc55-c52cf597f927.jpg'),(147,101,'/joongo/upload/05370e19-f78b-4ad8-86ba-40001c99538d.jpg'),(148,101,'/joongo/upload/9192c473-1e49-4765-ac68-f77a52f46599.jpg'),(149,101,'/joongo/upload/13df8ae8-6b33-4694-be49-9f6ad684f0ec.jpg'),(150,101,'/joongo/upload/cdb5a222-79a2-4164-a044-b1c51b923535.jpg'),(151,101,'/joongo/upload/ac60f958-f720-400b-bc55-c52cf597f927.jpg'),(152,101,'/joongo/upload/05370e19-f78b-4ad8-86ba-40001c99538d.jpg'),(153,102,'/joongo/upload/484f05c9-7c30-4db5-b3d4-1ca3db268e25.jpg'),(154,102,'/joongo/upload/ad817f44-943c-41ff-979e-9e38d07da8f9.jpg'),(155,102,'/joongo/upload/5164503a-e24e-4e18-8877-b1a59319dcb8.jpg'),(156,102,'/joongo/upload/33584152-0e56-4471-a8ce-f2b6d80ada86.jpg'),(157,102,'/joongo/upload/b13fd906-1700-4ccc-add3-733b76f6c971.jpg'),(158,102,'/joongo/upload/484f05c9-7c30-4db5-b3d4-1ca3db268e25.jpg'),(159,102,'/joongo/upload/ad817f44-943c-41ff-979e-9e38d07da8f9.jpg'),(160,102,'/joongo/upload/5164503a-e24e-4e18-8877-b1a59319dcb8.jpg'),(161,102,'/joongo/upload/33584152-0e56-4471-a8ce-f2b6d80ada86.jpg'),(162,103,'/joongo/upload/a3962ae7-be70-43a6-8420-ba3901379ba8.jpg'),(163,103,'/joongo/upload/891d2a92-277b-4123-b437-b408a4aa8c7a.jpg'),(167,104,'/joongo/upload/d86e092a-c326-4d24-895c-d0665813aba7.jpg'),(168,104,'/joongo/upload/f9f42eb6-d3f0-4b26-b5f9-0a32eabc7602.jpg'),(172,105,'/joongo/upload/ab60bb3b-a843-4dbc-a119-7907d59e46f6.jpg'),(173,105,'/joongo/upload/e64632a3-bff4-4832-a0e7-4acf3ba1b734.jpg'),(176,106,'/joongo/upload/b88507f8-e6a9-4507-b954-f63494100c10.jpg'),(177,106,'/joongo/upload/f3e51a75-86fa-4306-a1d5-49bad34bee67.jpg'),(178,106,'/joongo/upload/e4107b62-334b-4630-b7b9-4b20dc360721.jpg'),(182,107,'/joongo/upload/a035d23b-62a3-4cd6-a406-e80b0c3c88a1.jpg'),(183,107,'/joongo/upload/975a0032-3e65-45ff-b2c4-ee482418d374.jpg'),(184,107,'/joongo/upload/a035d23b-62a3-4cd6-a406-e80b0c3c88a1.jpg'),(185,107,'/joongo/upload/975a0032-3e65-45ff-b2c4-ee482418d374.jpg'),(186,108,'/joongo/upload/24cf570e-b4ee-46ca-ae64-d02722529bc5.jpg'),(187,108,'/joongo/upload/05cbccec-ab8c-4701-a25b-3449d2462983.jpg'),(190,109,'/joongo/upload/fd033033-d9f5-47d7-be93-4e174dc2726d.jpg'),(191,109,'/joongo/upload/b400bdc3-9322-49e0-b23b-87b1a06bfc22.jpg'),(194,110,'/joongo/upload/b1925e2f-16f2-45dd-81eb-b3d073c28401.jpg'),(196,110,'/joongo/upload/b1925e2f-16f2-45dd-81eb-b3d073c28401.jpg'),(197,110,'/joongo/upload/77c28d71-1f4b-46ba-b8bd-101593aaea22.jpg'),(200,111,'/joongo/upload/e44e2960-5722-4fe9-a37a-92a9f6d9fc56.jpg'),(201,111,'/joongo/upload/03eecf45-c65e-49af-9ef0-e9cfe2714a7f.jpg'),(204,112,'/joongo/upload/6ba9ee65-9eaa-49ce-ae80-241aed29b3c5.jpg'),(205,112,'/joongo/upload/42226854-ab02-4c72-a784-5a24ab69d483.jpg'),(208,113,'/joongo/upload/b126ddf4-f69a-4ec6-8fff-1d7561082cc3.jpg'),(209,113,'/joongo/upload/5fb49e11-1ac4-4094-ba0f-9bc56d20b8ab.jpg'),(217,114,'/joongo/upload/493d96e2-e450-4762-895a-71f8fcb381c9.jpg'),(218,115,'/joongo/upload/11ce0b2d-c2c0-4d3c-bbf2-77b56b487950.jpg'),(219,115,'/joongo/upload/bf0b3a57-0d40-4005-8dd3-962550538553.jpg'),(220,115,'/joongo/upload/f7690bf0-c612-4ee0-9f22-cce93519e70f.jpg'),(221,115,'/joongo/upload/1f2152eb-6028-4dc0-bfad-05c88f4e4bf9.jpg'),(222,115,'/joongo/upload/886f7d8c-f1f5-4c3a-84ff-96238bc7d739.jpg'),(223,116,'/joongo/upload/32115b57-6c89-43da-8c5e-02bd74afbf12.png'),(228,132,'/joongo/upload/f0657025-78b0-466e-a126-81bb9c156aef.png'),(229,131,'/joongo/upload/9664a4ea-2b32-4440-8ff8-8b452d3e76a9.PNG'),(231,135,'/joongo/upload/8e7e606d-9d35-44f8-9a86-f13f9dcdf709.PNG'),(232,141,'/joongo/upload/4ec9cdab-7f54-48fd-b276-4160e887110c.PNG'),(233,141,'/joongo/upload/5987d1f9-f2a3-404e-8762-217491c04c2a.PNG'),(234,141,'/joongo/upload/863ddec9-202f-489d-a5bb-a007a5050415.PNG');
/*!40000 ALTER TABLE `image` ENABLE KEYS */;
UNLOCK TABLES;

--
-- Table structure for table `message`
--

DROP TABLE IF EXISTS `message`;
/*!40101 SET @saved_cs_client     = @@character_set_client */;
 SET character_set_client = utf8mb4 ;
CREATE TABLE `message` (
  `messNo` int(11) NOT NULL AUTO_INCREMENT,
  `sendNo` int(8) NOT NULL,
  `destNo` int(8) NOT NULL,
  `content` text,
  `wdate` timestamp NULL DEFAULT NULL,
  PRIMARY KEY (`messNo`)
) ENGINE=InnoDB DEFAULT CHARSET=utf8mb4 COLLATE=utf8mb4_0900_ai_ci;
/*!40101 SET character_set_client = @saved_cs_client */;

--
-- Dumping data for table `message`
--

LOCK TABLES `message` WRITE;
/*!40000 ALTER TABLE `message` DISABLE KEYS */;
/*!40000 ALTER TABLE `message` ENABLE KEYS */;
UNLOCK TABLES;

--
-- Table structure for table `notice`
--

DROP TABLE IF EXISTS `notice`;
/*!40101 SET @saved_cs_client     = @@character_set_client */;
 SET character_set_client = utf8mb4 ;
CREATE TABLE `notice` (
  `noticeNo` int(8) NOT NULL AUTO_INCREMENT,
  `title` varchar(128) NOT NULL,
  `userNo` int(8) NOT NULL,
  `content` text,
  `wdate` timestamp NULL DEFAULT CURRENT_TIMESTAMP,
  `able` tinyint(4) DEFAULT '1',
  PRIMARY KEY (`noticeNo`)
) ENGINE=InnoDB AUTO_INCREMENT=15 DEFAULT CHARSET=utf8mb4 COLLATE=utf8mb4_0900_ai_ci;
/*!40101 SET character_set_client = @saved_cs_client */;

--
-- Dumping data for table `notice`
--

LOCK TABLES `notice` WRITE;
/*!40000 ALTER TABLE `notice` DISABLE KEYS */;
INSERT INTO `notice` VALUES (1,'title11111111111111111',3,'conte','2018-12-19 10:25:30',0),(2,'제목',3,'내용','2018-12-19 10:27:49',0),(3,'1',1,'1','2018-12-20 09:10:50',1),(4,'2',1,'1','2018-12-20 09:10:50',0),(6,'4',1,'1','2018-12-20 09:10:50',0),(7,'5',1,'1','2018-12-20 09:10:50',1),(8,'6',1,'1','2018-12-20 09:10:50',1),(14,'123',23,'123','2018-12-21 11:52:38',1);
/*!40000 ALTER TABLE `notice` ENABLE KEYS */;
UNLOCK TABLES;

--
-- Table structure for table `products`
--

DROP TABLE IF EXISTS `products`;
/*!40101 SET @saved_cs_client     = @@character_set_client */;
 SET character_set_client = utf8mb4 ;
CREATE TABLE `products` (
  `proNo` int(8) NOT NULL AUTO_INCREMENT,
  `title` varchar(128) NOT NULL,
  `catNo` int(8) NOT NULL,
  `userNo` int(8) NOT NULL,
  `nickname` varchar(24) NOT NULL,
  `condit` varchar(24) DEFAULT '판매중',
  `price` varchar(15) DEFAULT NULL,
  `content` text,
  `tags` varchar(256) DEFAULT NULL,
  `wdate` timestamp NULL DEFAULT CURRENT_TIMESTAMP,
  `able` tinyint(4) DEFAULT '1',
  PRIMARY KEY (`proNo`)
) ENGINE=InnoDB AUTO_INCREMENT=142 DEFAULT CHARSET=utf8mb4 COLLATE=utf8mb4_0900_ai_ci;
/*!40101 SET character_set_client = @saved_cs_client */;

--
-- Dumping data for table `products`
--

LOCK TABLES `products` WRITE;
/*!40000 ALTER TABLE `products` DISABLE KEYS */;
INSERT INTO `products` VALUES (4,'그랜드피아노',9,3,'asdf','판매중','5000000','피아노','영창 그랜드피아노','2018-11-27 10:58:20',1),(5,'아울로스 단소',9,3,'asdf','판매중','3000','교육용 단소','단소,교육용','2018-11-27 11:00:31',0),(6,'심로 콘트라베이스',9,3,'asdf','판매중','600000','콘트라베이스 전문가용','전문가 콘트라베이스,제발 사줘','2018-11-27 11:01:45',1),(7,'영창 어쿠스틱기타',4,3,'asdf','판매중','300000','기타 팔아요','전문가용 기타 통기타 ','2018-11-27 11:10:35',1),(8,'야하마 드럼',4,3,'asdf','판매중','1000000','전문가용 드럼 팔아요','일렉기타 전문가용 일렉','2018-11-27 11:10:35',1),(9,'아우로스 리코더',4,3,'asdf','판매중','3000','교육용 리코더 ㅍㅍ','교육용 리코더 최저가','2018-11-27 11:10:35',1),(10,'산조 가야금',4,3,'asdf','판매중','2300000','가야금 ','가야금 ','2018-11-27 11:10:35',1),(11,'더페이스샵 립스틱',3,3,'asdf','판매중','30000','립밤팔아요','더페이스샵 립스틱','2018-11-27 11:10:35',1),(12,'파운데이션',3,3,'asdf','판매중','50000','마루빌즈 파운데이션','마루빌즈','2018-11-27 11:10:35',1),(13,'파운데이션',3,3,'asdf','판매중','80000','더페이스샵 파운데이션','더페이스샵','2018-11-27 11:10:35',1),(14,'아이오페 로션',3,3,'asdf','판매중','15000','아이오페 로션 ㅍㅍ','아이오페 로션','2018-11-27 11:10:35',1),(15,'마스카라',3,3,'asdf','판매중','10000','마스카라 팔아요','아이오페 마스카라','2018-11-27 11:10:35',1),(16,'립밤',3,3,'asdf','판매중','5000','림밤 팝니다','니베아','2018-11-27 11:10:35',1),(17,'토니모르 수분크림',3,3,'asdf','판매중','80000','수분크림 ㅍㅍㅍ','토니모리 수분크림','2018-11-27 11:10:35',1),(18,'이니스프리 스킨',3,3,'asdf','판매중','10000','스킨 ㅍㅍㅍㅍㅍ','스킨 이니스프리','2018-11-27 11:10:35',1),(19,'올인원 화장품',3,3,'asdf','판매중','10000','이니스프리','이니스프리 로션 스킨 올인원','2018-11-27 11:10:35',1),(20,'MAC립스틱',3,3,'asdf','판매중','70000','립스틱 ㅍㅍㅍㅍㅍ','립스틱','2018-11-27 11:10:35',0),(21,'로션',3,3,'asdf','판매완료','200000','로션','로션','2018-12-01 06:18:17',1),(22,'로션',3,3,'asdf','판매중','300000','로션','로션','2018-12-01 06:18:17',0),(23,'ㄷㄱㄷㄱㄹ',1,1,'1','판매중','343,434','<p>고슋</p>','ㄴㅁㅇㅇㄴㅁ,ㅁㄴㄹㅇ','2018-12-01 08:43:33',1),(24,'ㅁㅇㄴㄴㅁㅇㅁㅇㄴ',1,1,'1','판매중','234,234,234','<p><img src=\"/joongo/upload/36ea5f30-27d5-4e73-9919-753e51ad649a.jpg&#10;\" title=\"fruit.jpg\"><br style=\"clear:both;\"><img src=\"/joongo/upload/426c2fed-5491-4997-9e0d-d4362d6d0336.jpg&#10;\" title=\"%EB%8B%A4%EC%9A%B4%EB%A1%9C%EB%93%9C%20(1).jpg\"></p><p><span style=\"font-size: 36pt;\">ㅁㄴㅇㅁㄴㅇㅁㅇㄴ</span></p><p><span style=\"font-size: 48px;\"><b>ㅁㅇㄴㅁㅇㄴㅁㅇㄴ</b></span></p><p><span style=\"font-size: 48px;\"><b><span style=\"color: rgb(255, 108, 0);\">ㅁㅇㄴㅁㅇㄴ</span><br style=\"clear:both;\"></b></span>&nbsp;</p>','','2018-12-01 08:45:03',1),(25,'44',1,1,'1','판매중','222','<p>dsfsdf</p>','dfs,ㄴㅇㄹ','2018-12-01 09:02:51',1),(26,'asd',1,1,'1','판매중','324','<p>asd</p>','','2018-12-01 09:07:29',1),(27,'ㅁㄴ',8,1,'1ㅁㄴㅇ','판매중','ㅇ','<p><img src=\"/joongo/upload/2d5342e7-9685-4eb1-8af5-d873981a989e.jpg&#10;\" title=\"fruit.jpg\"><br style=\"clear:both;\">&nbsp;</p>','ㅁㄴㅇ','2018-12-01 09:21:06',1),(28,'title',8,2,'asdf','판매중','77777',NULL,'','2018-12-03 10:56:13',1),(29,'titl',8,3,'ickname','판매중','123','content','tag','2018-12-03 11:16:00',1),(30,'asd',8,1,'1','판매중','123','<p>d</p>','asd','2018-12-04 10:23:02',1),(31,'2',8,1,'1','판매중','123','<p>a</p>','','2018-12-04 10:31:20',1),(32,'2',7,1,'1','판매중','123','<p><img src=\"/joongo/upload/5a37637b-ca76-40c9-a985-94c20e02c2b7.jpg&#10;\" title=\"LG%20%EB%93%9C%EB%9F%BC%EC%84%B8%ED%83%81%EA%B8%B0.jpg\"><br style=\"clear:both;\">&nbsp;</p>','','2018-12-04 10:31:52',1),(33,'123',7,1,'1','판매중','123','<p>dd</p>','asd','2018-12-04 10:38:39',1),(34,'123',7,1,'1','판매중','123','<p><img src=\"/joongo/upload/41a85b39-3d84-44c8-9f6c-30655ffac40d.jpg&#10;\" title=\"LG%20%EB%93%9C%EB%9F%BC%EC%84%B8%ED%83%81%EA%B8%B0.jpg\"><br style=\"clear:both;\">&nbsp;</p>','','2018-12-04 10:39:07',1),(35,'1',7,1,'1','판매중','123','<p><img src=\"/joongo/upload/b05cd3b5-4b0e-4fe1-a17e-5f7c0f16f213.jpg&#10;\" title=\"LG%20%EB%93%9C%EB%9F%BC%EC%84%B8%ED%83%81%EA%B8%B0.jpg\"><br style=\"clear:both;\">&nbsp;</p>','','2018-12-04 10:46:18',1),(36,'123',7,1,'1','판매중','123','<p><img src=\"/joongo/upload/ad2dcf1b-14da-4ce6-8466-4590771b3bda.jpg&#10;\" title=\"LG%20%EB%93%9C%EB%9F%BC%EC%84%B8%ED%83%81%EA%B8%B0.jpg\"><br style=\"clear:both;\">&nbsp;</p>','','2018-12-04 10:47:05',1),(37,'123',6,1,'1','판매중','123','<p><img src=\"/joongo/upload/ad2dcf1b-14da-4ce6-8466-4590771b3bda.jpg&#10;\" title=\"LG%20%EB%93%9C%EB%9F%BC%EC%84%B8%ED%83%81%EA%B8%B0.jpg\"><img src=\"/joongo/upload/d48485b2-add8-4776-a778-67b3bce20633.jpg&#10;\" title=\"LG%20%EB%93%9C%EB%9F%BC%EC%84%B8%ED%83%81%EA%B8%B0.jpg\"><br style=\"clear:both;\"><img src=\"/joongo/upload/291e0adb-6b36-481f-bcf5-feaa81fe1b80.jpg&#10;\" title=\"LG%20%EB%93%9C%EB%9F%BC%EC%84%B8%ED%83%81%EA%B8%B0.jpg\"><br style=\"clear:both;\"><img src=\"/joongo/upload/8ab049ab-fc51-45f1-95a2-03c5e0acf4d9.jpg&#10;\" title=\"LG%20%EB%93%9C%EB%9F%BC%EC%84%B8%ED%83%81%EA%B8%B0.jpg\"><br style=\"clear:both;\">&nbsp;</p>','','2018-12-04 10:48:12',1),(38,'asd',6,1,'1','판매중','123','<p><img src=\"/joongo/upload/44d1ad09-6a66-4f2c-99c6-7b14d56b05b0.jpg&#10;\" title=\"LG%20%EB%93%9C%EB%9F%BC%EC%84%B8%ED%83%81%EA%B8%B0.jpg\"><br style=\"clear:both;\"><img src=\"/joongo/upload/9b8812d1-471b-4733-b974-dbfa834d1d1f.jpg&#10;\" title=\"LG%20%EB%93%9C%EB%9F%BC%EC%84%B8%ED%83%81%EA%B8%B0.jpg\"><br style=\"clear:both;\"><img src=\"/joongo/upload/e6d05713-165e-43c4-ac00-6a87ec30e6ab.jpg&#10;\" title=\"LG%20%EB%93%9C%EB%9F%BC%EC%84%B8%ED%83%81%EA%B8%B0.jpg\"><br style=\"clear:both;\"><img src=\"/joongo/upload/b72d40d8-0b4b-433d-962f-02697e0d5aa7.jpg&#10;\" title=\"LG%20%EB%93%9C%EB%9F%BC%EC%84%B8%ED%83%81%EA%B8%B0.jpg\"><br style=\"clear:both;\">&nbsp;</p>','','2018-12-04 10:50:32',1),(39,'2',6,1,'1','판매중','123','<p><img src=\"/joongo/upload/71b5d734-e738-49b6-b3ed-764b245f3add.bmp&#10;\" title=\"cEdDG.bmp\"><br style=\"clear:both;\"><img src=\"/joongo/upload/a5855414-b476-40cf-a3df-e1b05beb1938.png&#10;\" title=\"%EB%8B%A4%EC%9A%B4%EB%A1%9C%EB%93%9C.png\"><br style=\"clear:both;\"><img src=\"/joongo/upload/f8344295-02b8-40ba-aa62-644e0fcc2f8d.jpg&#10;\" title=\"LG%20%EB%93%9C%EB%9F%BC%EC%84%B8%ED%83%81%EA%B8%B0.jpg\"><br style=\"clear:both;\"><img src=\"/joongo/upload/df0a43c7-9252-479e-80e4-ed1163f4706a.gif&#10;\" title=\"Wizard-Clap-by-Markus-Magnusson.gif\"><br style=\"clear:both;\">&nbsp;</p>','','2018-12-04 11:03:22',1),(40,'2',6,1,'1','판매중','123','<p><img src=\"/joongo/upload/71b5d734-e738-49b6-b3ed-764b245f3add.bmp&#10;\" title=\"cEdDG.bmp\"><br style=\"clear:both;\"><img src=\"/joongo/upload/a5855414-b476-40cf-a3df-e1b05beb1938.png&#10;\" title=\"%EB%8B%A4%EC%9A%B4%EB%A1%9C%EB%93%9C.png\"><br style=\"clear:both;\"><img src=\"/joongo/upload/f8344295-02b8-40ba-aa62-644e0fcc2f8d.jpg&#10;\" title=\"LG%20%EB%93%9C%EB%9F%BC%EC%84%B8%ED%83%81%EA%B8%B0.jpg\"><br style=\"clear:both;\"><img src=\"/joongo/upload/df0a43c7-9252-479e-80e4-ed1163f4706a.gif&#10;\" title=\"Wizard-Clap-by-Markus-Magnusson.gif\"><br style=\"clear:both;\">&nbsp;</p>','','2018-12-04 11:04:16',1),(41,'2',6,1,'1','판매중','123','<p><img src=\"/joongo/upload/71b5d734-e738-49b6-b3ed-764b245f3add.bmp&#10;\" title=\"cEdDG.bmp\"><br style=\"clear:both;\"><img src=\"/joongo/upload/a5855414-b476-40cf-a3df-e1b05beb1938.png&#10;\" title=\"%EB%8B%A4%EC%9A%B4%EB%A1%9C%EB%93%9C.png\"><br style=\"clear:both;\"><img src=\"/joongo/upload/f8344295-02b8-40ba-aa62-644e0fcc2f8d.jpg&#10;\" title=\"LG%20%EB%93%9C%EB%9F%BC%EC%84%B8%ED%83%81%EA%B8%B0.jpg\"><br style=\"clear:both;\"><img src=\"/joongo/upload/df0a43c7-9252-479e-80e4-ed1163f4706a.gif&#10;\" title=\"Wizard-Clap-by-Markus-Magnusson.gif\"><br style=\"clear:both;\">&nbsp;</p>','','2018-12-04 11:05:30',1),(42,'123',5,1,'1','판매중','4','<p><img src=\"/joongo/upload/beb28108-b274-49f2-b82d-55bddbd5e1c8.jpg&#10;\" title=\"LG%20%EB%93%9C%EB%9F%BC%EC%84%B8%ED%83%81%EA%B8%B0.jpg\"><br style=\"clear:both;\"><img src=\"/joongo/upload/c3a937d2-1940-4943-9e15-261cd13f3365.png&#10;\" title=\"%EB%8B%A4%EC%9A%B4%EB%A1%9C%EB%93%9C.png\"><br style=\"clear:both;\"><img src=\"/joongo/upload/8a27cd40-90aa-4c11-8545-e70f6d3a5df1.bmp&#10;\" title=\"cEdDG.bmp\"><br style=\"clear:both;\"><img src=\"/joongo/upload/2e035e84-c958-4a0a-b3d5-378cf272b877.gif&#10;\" title=\"Wizard-Clap-by-Markus-Magnusson.gif\"><br style=\"clear:both;\">&nbsp;</p>','','2018-12-04 11:05:51',1),(43,'123',5,1,'1','판매중','4','<p><img src=\"/joongo/upload/beb28108-b274-49f2-b82d-55bddbd5e1c8.jpg&#10;\" title=\"LG%20%EB%93%9C%EB%9F%BC%EC%84%B8%ED%83%81%EA%B8%B0.jpg\"><br style=\"clear:both;\"><img src=\"/joongo/upload/c3a937d2-1940-4943-9e15-261cd13f3365.png&#10;\" title=\"%EB%8B%A4%EC%9A%B4%EB%A1%9C%EB%93%9C.png\"><br style=\"clear:both;\"><img src=\"/joongo/upload/8a27cd40-90aa-4c11-8545-e70f6d3a5df1.bmp&#10;\" title=\"cEdDG.bmp\"><br style=\"clear:both;\"><img src=\"/joongo/upload/2e035e84-c958-4a0a-b3d5-378cf272b877.gif&#10;\" title=\"Wizard-Clap-by-Markus-Magnusson.gif\"><br style=\"clear:both;\">&nbsp;</p>','','2018-12-04 11:10:41',1),(44,'1',5,1,'1','판매중','123','<p><img src=\"/joongo/upload/610c277f-49b7-406b-adf0-e2b9d75bd904.bmp&#10;\" title=\"cEdDG.bmp\"><br style=\"clear:both;\"><img src=\"/joongo/upload/c6f5e8fa-2da3-4db3-b24e-b09a3ee290ca.jpg&#10;\" title=\"LG%20%EB%93%9C%EB%9F%BC%EC%84%B8%ED%83%81%EA%B8%B0.jpg\"><br style=\"clear:both;\"><img src=\"/joongo/upload/46e7abeb-0c2a-4495-a2b1-803af8729c7e.png&#10;\" title=\"%EB%8B%A4%EC%9A%B4%EB%A1%9C%EB%93%9C.png\"><br style=\"clear:both;\"><img src=\"/joongo/upload/4f041b32-3586-4826-813f-d1547fa2f871.gif&#10;\" title=\"Wizard-Clap-by-Markus-Magnusson.gif\"><br style=\"clear:both;\">&nbsp;</p>','','2018-12-04 11:12:26',1),(45,'1',5,1,'1','판매중','123','<p><img src=\"/joongo/upload/79564542-6455-4f3c-a127-40a338b369b6.bmp&#10;\" title=\"cEdDG.bmp\"><br style=\"clear:both;\"><img src=\"/joongo/upload/e64fe9e5-4fa8-42c4-a4d7-2c64e34063dd.jpg&#10;\" title=\"LG%20%EB%93%9C%EB%9F%BC%EC%84%B8%ED%83%81%EA%B8%B0.jpg\"><br style=\"clear:both;\"><img src=\"/joongo/upload/c478de83-53f0-4e89-8c91-aff7373c7315.png&#10;\" title=\"%EB%8B%A4%EC%9A%B4%EB%A1%9C%EB%93%9C.png\"><br style=\"clear:both;\"><img src=\"/joongo/upload/e5f9fd95-2e0e-4a9d-8b19-ba0dccb2e020.jpg&#10;\" title=\"LG%20%EB%93%9C%EB%9F%BC%EC%84%B8%ED%83%81%EA%B8%B0.jpg\"><br style=\"clear:both;\">&nbsp;</p>','','2018-12-04 11:14:06',1),(46,'1',5,1,'1','판매중','123','<p><img src=\"/joongo/upload/4ccc8222-2e96-4563-a5e1-a26dc481d05f.jpg&#10;\" title=\"LG%20%EB%93%9C%EB%9F%BC%EC%84%B8%ED%83%81%EA%B8%B0.jpg\"><br style=\"clear:both;\"><img src=\"/joongo/upload/53a6d14f-c16e-4c9d-85a3-90058f329b9e.bmp&#10;\" title=\"cEdDG.bmp\"><br style=\"clear:both;\"><img src=\"/joongo/upload/d13e59b7-60c2-4732-9dba-62d4fb8b61b3.png&#10;\" title=\"%EB%8B%A4%EC%9A%B4%EB%A1%9C%EB%93%9C.png\"><br style=\"clear:both;\"><img src=\"/joongo/upload/a58fcccd-d689-4ae2-934d-847b0206d952.gif&#10;\" title=\"Wizard-Clap-by-Markus-Magnusson.gif\"><br style=\"clear:both;\">&nbsp;</p>','','2018-12-04 11:16:58',1),(47,'1',4,1,'1','판매중','123','<p><img src=\"/joongo/upload/4ccc8222-2e96-4563-a5e1-a26dc481d05f.jpg&#10;\" title=\"LG%20%EB%93%9C%EB%9F%BC%EC%84%B8%ED%83%81%EA%B8%B0.jpg\"><br style=\"clear:both;\"><img src=\"/joongo/upload/53a6d14f-c16e-4c9d-85a3-90058f329b9e.bmp&#10;\" title=\"cEdDG.bmp\"><br style=\"clear:both;\"><img src=\"/joongo/upload/d13e59b7-60c2-4732-9dba-62d4fb8b61b3.png&#10;\" title=\"%EB%8B%A4%EC%9A%B4%EB%A1%9C%EB%93%9C.png\"><br style=\"clear:both;\"><img src=\"/joongo/upload/a58fcccd-d689-4ae2-934d-847b0206d952.gif&#10;\" title=\"Wizard-Clap-by-Markus-Magnusson.gif\"><br style=\"clear:both;\">&nbsp;</p>','','2018-12-04 11:17:24',1),(48,'1',4,1,'1','판매중','123','<p><img src=\"/joongo/upload/0d116388-bcd3-4493-aadd-36e9d5c16c54.png&#10;\" title=\"%EB%8B%A4%EC%9A%B4%EB%A1%9C%EB%93%9C.png\"><br style=\"clear:both;\"><img src=\"/joongo/upload/bd1d9f8d-10d9-4d55-8a49-28af473b3e50.bmp&#10;\" title=\"cEdDG.bmp\"><br style=\"clear:both;\"><img src=\"/joongo/upload/1f96ffbe-a7c0-440e-a00a-ec6b388a6cae.jpg&#10;\" title=\"LG%20%EB%93%9C%EB%9F%BC%EC%84%B8%ED%83%81%EA%B8%B0.jpg\"><br style=\"clear:both;\"><img src=\"/joongo/upload/e9eae044-f3e5-4c84-b667-96eee86ec834.gif&#10;\" title=\"Wizard-Clap-by-Markus-Magnusson.gif\"><br style=\"clear:both;\">&nbsp;</p>','','2018-12-04 11:17:51',1),(49,'1',4,1,'1','판매중','123','<p><img src=\"/joongo/upload/3b8e6e99-41a7-4a22-8983-083dea43aaaa.bmp&#10;\" title=\"cEdDG.bmp\"><br style=\"clear:both;\"><img src=\"/joongo/upload/0f93fbdc-a9cc-43be-8260-510a81604c44.gif&#10;\" title=\"Wizard-Clap-by-Markus-Magnusson.gif\"><br style=\"clear:both;\"><img src=\"/joongo/upload/fa6609b0-598c-4004-a92f-f8ada4332e28.png&#10;\" title=\"%EB%8B%A4%EC%9A%B4%EB%A1%9C%EB%93%9C.png\"><br style=\"clear:both;\"><img src=\"/joongo/upload/9bbc3a6d-4a35-4ac5-bf83-7c4e69f7f915.png&#10;\" title=\"%EB%8B%A4%EC%9A%B4%EB%A1%9C%EB%93%9C.png\"><br style=\"clear:both;\">&nbsp;</p>','','2018-12-04 11:19:39',1),(50,'123',4,1,'1','판매중','123','<p><img src=\"/joongo/upload/84709b4a-ebff-406a-b62d-da2d0240e5a5.jpg&#10;\" title=\"LG%20%EB%93%9C%EB%9F%BC%EC%84%B8%ED%83%81%EA%B8%B0.jpg\"><br style=\"clear:both;\"><img src=\"/joongo/upload/8cb00c68-1629-40fb-a423-81e9866035a2.gif&#10;\" title=\"Wizard-Clap-by-Markus-Magnusson.gif\"><br style=\"clear:both;\"><img src=\"/joongo/upload/3af34c3b-d366-4e55-ba0a-1071d32b90f1.bmp&#10;\" title=\"cEdDG.bmp\"><br style=\"clear:both;\"><img src=\"/joongo/upload/288dab08-a6b2-4d81-a641-8a2170124f87.png&#10;\" title=\"%EB%8B%A4%EC%9A%B4%EB%A1%9C%EB%93%9C.png\"><br style=\"clear:both;\">&nbsp;</p>','','2018-12-04 11:27:35',1),(51,'123',4,1,'1','판매중','123','<p><img src=\"/joongo/upload/84709b4a-ebff-406a-b62d-da2d0240e5a5.jpg&#10;\" title=\"LG%20%EB%93%9C%EB%9F%BC%EC%84%B8%ED%83%81%EA%B8%B0.jpg\"><br style=\"clear:both;\"><img src=\"/joongo/upload/8cb00c68-1629-40fb-a423-81e9866035a2.gif&#10;\" title=\"Wizard-Clap-by-Markus-Magnusson.gif\"><br style=\"clear:both;\"><img src=\"/joongo/upload/3af34c3b-d366-4e55-ba0a-1071d32b90f1.bmp&#10;\" title=\"cEdDG.bmp\"><br style=\"clear:both;\"><img src=\"/joongo/upload/288dab08-a6b2-4d81-a641-8a2170124f87.png&#10;\" title=\"%EB%8B%A4%EC%9A%B4%EB%A1%9C%EB%93%9C.png\"><br style=\"clear:both;\">&nbsp;</p>','','2018-12-04 11:28:20',1),(52,'asd',1,1,'1','판매중','123','<p><img src=\"/joongo/upload/16dc74f4-afd6-4e5d-bcc4-79ca7823817b.png&#10;\" title=\"%EB%8B%A4%EC%9A%B4%EB%A1%9C%EB%93%9C.png\"><br style=\"clear:both;\"><img src=\"/joongo/upload/dde07164-edd5-45b3-a467-6f07269457bf.bmp&#10;\" title=\"cEdDG.bmp\"><br style=\"clear:both;\"><img src=\"/joongo/upload/d85c3f87-369f-448b-8a90-0a9162f23b8e.jpg&#10;\" title=\"LG%20%EB%93%9C%EB%9F%BC%EC%84%B8%ED%83%81%EA%B8%B0.jpg\"><br style=\"clear:both;\"><img src=\"/joongo/upload/052cb418-9494-4faa-bdd4-a6aa27deba45.gif&#10;\" title=\"Wizard-Clap-by-Markus-Magnusson.gif\"><br style=\"clear:both;\">&nbsp;</p>','','2018-12-04 11:29:51',1),(53,'ads',1,1,'1','판매중','123','<p><img src=\"/joongo/upload/249fd0f7-489a-4e79-ab6c-14b9ece810e3.bmp&#10;\" title=\"cEdDG.bmp\"><br style=\"clear:both;\"><img src=\"/joongo/upload/766c77fb-fb3f-4595-a522-75e9d5b5f85c.jpg&#10;\" title=\"LG%20%EB%93%9C%EB%9F%BC%EC%84%B8%ED%83%81%EA%B8%B0.jpg\"><br style=\"clear:both;\"><img src=\"/joongo/upload/662a9930-9656-4dea-8a7c-b454509169d8.png&#10;\" title=\"%EB%8B%A4%EC%9A%B4%EB%A1%9C%EB%93%9C.png\"><br style=\"clear:both;\"><img src=\"/joongo/upload/37e02d1c-7309-4f49-81fd-efa3987b9f60.gif&#10;\" title=\"Wizard-Clap-by-Markus-Magnusson.gif\"><br style=\"clear:both;\">&nbsp;</p>','','2018-12-04 11:36:11',1),(54,'asd',1,1,'1','판매중','123','<p><img src=\"/joongo/upload/dd82c56c-dcff-42e7-ba70-f97915021bac.png&#10;\" title=\"%EB%8B%A4%EC%9A%B4%EB%A1%9C%EB%93%9C.png\"><br style=\"clear:both;\"><img src=\"/joongo/upload/0ab89ab7-9d75-4a93-8dab-2d0ea6e54971.bmp&#10;\" title=\"cEdDG.bmp\"><br style=\"clear:both;\"><img src=\"/joongo/upload/85f573a5-9ed0-466d-85cc-3bd286762f0b.jpg&#10;\" title=\"LG%20%EB%93%9C%EB%9F%BC%EC%84%B8%ED%83%81%EA%B8%B0.jpg\"><br style=\"clear:both;\"><img src=\"/joongo/upload/9457f2d3-135b-40ca-b2dd-44e7c0fc90b4.gif&#10;\" title=\"Wizard-Clap-by-Markus-Magnusson.gif\"><br style=\"clear:both;\">&nbsp;</p>','','2018-12-04 11:47:12',1),(55,'asd',1,1,'1','판매중','123','<p><img src=\"/joongo/upload/e2d94b32-18a0-4b48-9e41-c5e27e9fcee5.bmp&#10;\" title=\"cEdDG.bmp\"><br style=\"clear:both;\"><img src=\"/joongo/upload/e5115517-47c8-46fb-b3ed-ac898845af93.jpg&#10;\" title=\"LG%20%EB%93%9C%EB%9F%BC%EC%84%B8%ED%83%81%EA%B8%B0.jpg\"><br style=\"clear:both;\"><img src=\"/joongo/upload/1ad44927-fa8a-494b-921e-684f135e4946.png&#10;\" title=\"%EB%8B%A4%EC%9A%B4%EB%A1%9C%EB%93%9C.png\"><br style=\"clear:both;\"><img src=\"/joongo/upload/6fc859c1-c50a-40bc-b384-79f8f4a0b3c8.gif&#10;\" title=\"Wizard-Clap-by-Markus-Magnusson.gif\"><br style=\"clear:both;\">&nbsp;</p>','','2018-12-04 11:50:51',1),(56,'as',1,1,'1','판매중','123','<p><img src=\"/joongo/upload/e8642701-09d5-471c-95ed-a5c70f936b88.png&#10;\" title=\"%EB%8B%A4%EC%9A%B4%EB%A1%9C%EB%93%9C.png\"><br style=\"clear:both;\"><img src=\"/joongo/upload/f8f8b5bc-5728-46a0-8052-0257b62be905.bmp&#10;\" title=\"cEdDG.bmp\"><br style=\"clear:both;\"><img src=\"/joongo/upload/da619387-c942-4eb7-a370-6c359846d178.jpg&#10;\" title=\"LG%20%EB%93%9C%EB%9F%BC%EC%84%B8%ED%83%81%EA%B8%B0.jpg\"><br style=\"clear:both;\"><img src=\"/joongo/upload/065ad742-1fab-4fc0-a66e-694f398c674e.gif&#10;\" title=\"Wizard-Clap-by-Markus-Magnusson.gif\"><br style=\"clear:both;\">&nbsp;</p>','','2018-12-04 11:54:36',1),(57,'as',3,15,'1','판매중','123','<p><img src=\"/joongo/upload/e8642701-09d5-471c-95ed-a5c70f936b88.png&#10;\" title=\"%EB%8B%A4%EC%9A%B4%EB%A1%9C%EB%93%9C.png\"><br style=\"clear:both;\"><img src=\"/joongo/upload/f8f8b5bc-5728-46a0-8052-0257b62be905.bmp&#10;\" title=\"cEdDG.bmp\"><br style=\"clear:both;\"><img src=\"/joongo/upload/da619387-c942-4eb7-a370-6c359846d178.jpg&#10;\" title=\"LG%20%EB%93%9C%EB%9F%BC%EC%84%B8%ED%83%81%EA%B8%B0.jpg\"><br style=\"clear:both;\"><img src=\"/joongo/upload/065ad742-1fab-4fc0-a66e-694f398c674e.gif&#10;\" title=\"Wizard-Clap-by-Markus-Magnusson.gif\"><br style=\"clear:both;\">&nbsp;</p>','','2018-12-04 12:02:43',1),(58,'asd',3,15,'1','판매중','123','<p><img src=\"/joongo/upload/1478f04f-361e-490d-a107-e5661b8f28ef.bmp&#10;\" title=\"cEdDG.bmp\"><br style=\"clear:both;\"><img src=\"/joongo/upload/d3bfa993-33c9-4767-94b2-7923ab06bf86.png&#10;\" title=\"%EB%8B%A4%EC%9A%B4%EB%A1%9C%EB%93%9C.png\"><br style=\"clear:both;\"><img src=\"/joongo/upload/3a84879b-653b-47b6-b206-4048dad1c049.jpg&#10;\" title=\"LG%20%EB%93%9C%EB%9F%BC%EC%84%B8%ED%83%81%EA%B8%B0.jpg\"><br style=\"clear:both;\"><img src=\"/joongo/upload/2f7363fd-b8ff-43a3-97d9-6f7275bc2f18.gif&#10;\" title=\"Wizard-Clap-by-Markus-Magnusson.gif\"><br style=\"clear:both;\">&nbsp;</p>','','2018-12-04 12:03:16',1),(59,'글',3,15,'1','판매중','123,456','<p><img src=\"/joongo/upload/e2cb4ad1-056f-4a91-9f19-31fd620a080c.png&#10;\" title=\"%EB%8B%A4%EC%9A%B4%EB%A1%9C%EB%93%9C.png\"><br style=\"clear:both;\"><img src=\"/joongo/upload/e72f18c6-5d84-45e6-8098-e386488ede2b.jpg&#10;\" title=\"LG%20%EB%93%9C%EB%9F%BC%EC%84%B8%ED%83%81%EA%B8%B0.jpg\"><br style=\"clear:both;\"><img src=\"/joongo/upload/34039b9c-566f-4c34-b293-4d3c0ca5435a.bmp&#10;\" title=\"cEdDG.bmp\"><br style=\"clear:both;\"><img src=\"/joongo/upload/c3479ec0-f869-4d74-81f6-f415a0c9d711.gif&#10;\" title=\"Wizard-Clap-by-Markus-Magnusson.gif\"><br style=\"clear:both;\">&nbsp;</p>','','2018-12-04 12:13:52',1),(60,'제목',3,15,'1','판매완료','20000','내용','태그,안녕','2018-12-04 12:15:12',0),(61,'ㅁㄴㅇ',3,15,'1','판매중','123,456','<p><img src=\"/joongo/upload/ebb07105-215c-4eec-9040-b677f127e3ab.jpg&#10;\" title=\"LG%20%EB%93%9C%EB%9F%BC%EC%84%B8%ED%83%81%EA%B8%B0.jpg\"><br style=\"clear:both;\"><img src=\"/joongo/upload/9589392c-66de-4c65-a408-5922e48ea63f.bmp&#10;\" title=\"cEdDG.bmp\"><br style=\"clear:both;\"><img src=\"/joongo/upload/5499f500-c8a3-475a-a004-a2a038e90c68.png&#10;\" title=\"%EB%8B%A4%EC%9A%B4%EB%A1%9C%EB%93%9C.png\"><br style=\"clear:both;\"><img src=\"/joongo/upload/3a9d8d7d-5824-4081-aaa7-a3276b97ddec.gif&#10;\" title=\"Wizard-Clap-by-Markus-Magnusson.gif\"><br style=\"clear:both;\">&nbsp;</p>','','2018-12-04 12:19:18',1),(62,'ㅁㄴㅇ',2,15,'1','판매중','123,456','<p><img src=\"/joongo/upload/ebb07105-215c-4eec-9040-b677f127e3ab.jpg&#10;\" title=\"LG%20%EB%93%9C%EB%9F%BC%EC%84%B8%ED%83%81%EA%B8%B0.jpg\"><br style=\"clear:both;\"><img src=\"/joongo/upload/9589392c-66de-4c65-a408-5922e48ea63f.bmp&#10;\" title=\"cEdDG.bmp\"><br style=\"clear:both;\"><img src=\"/joongo/upload/5499f500-c8a3-475a-a004-a2a038e90c68.png&#10;\" title=\"%EB%8B%A4%EC%9A%B4%EB%A1%9C%EB%93%9C.png\"><br style=\"clear:both;\"><img src=\"/joongo/upload/3a9d8d7d-5824-4081-aaa7-a3276b97ddec.gif&#10;\" title=\"Wizard-Clap-by-Markus-Magnusson.gif\"><br style=\"clear:both;\">&nbsp;</p>','','2018-12-04 12:20:00',1),(63,'asd',2,15,'1','판매중','123','<p><img src=\"/joongo/upload/a2d0d20c-ac68-4da2-8fc5-793c50eac1a5.bmp&#10;\" title=\"asd.bmp\"><br style=\"clear:both;\"><img src=\"/joongo/upload/0a9e8e83-791d-4a81-a112-5d87509c1c68.png&#10;\" title=\"asd.png\"><br style=\"clear:both;\"><img src=\"/joongo/upload/d69caee8-c8ef-489a-b73c-6548d0539f51.jpg&#10;\" title=\"asd.jpg\"><br style=\"clear:both;\"><img src=\"/joongo/upload/bc538841-3d28-477a-a530-abe1314bf7b8.gif&#10;\" title=\"asd.gif\"><br style=\"clear:both;\">&nbsp;</p>','','2018-12-05 09:38:22',1),(64,'asd',9,15,'1','판매중','123,456','<p><img src=\"/joongo/upload/13612e92-f9e8-4794-b485-4d042a9d2a3f.png&#10;\" title=\"asd.png\"><br style=\"clear:both;\"><img src=\"/joongo/upload/a013c880-12ef-4714-82e3-51f095d6f5ed.bmp&#10;\" title=\"asd.bmp\"><br style=\"clear:both;\"><img src=\"/joongo/upload/af862a88-2d0e-4024-ad62-1f9f6c22afd2.jpg&#10;\" title=\"asd.jpg\"><br style=\"clear:both;\"><img src=\"/joongo/upload/c5a167f5-fcd2-401c-b1ba-6cda7b815eb6.gif&#10;\" title=\"asd.gif\"><br style=\"clear:both;\">&nbsp;</p>','','2018-12-05 09:39:37',1),(65,'asd',8,15,'1','판매중','12,345','<p><img src=\"/joongo/upload/24965d05-ee6a-4ef4-b7f6-e5c0026e8377.bmp&#10;\" title=\"asd.bmp\"><br style=\"clear:both;\"><img src=\"/joongo/upload/3da76075-db02-4e2d-bae6-fb22dd2061a1.jpg&#10;\" title=\"asd.jpg\"><br style=\"clear:both;\"><img src=\"/joongo/upload/8909dca0-ea90-42e9-9dd3-74bda9333c67.png&#10;\" title=\"asd.png\"><br style=\"clear:both;\"><img src=\"/joongo/upload/b5546ed5-6e9a-4386-857e-796fc2cc3fc2.gif&#10;\" title=\"asd.gif\"><br style=\"clear:both;\">&nbsp;</p>','','2018-12-05 10:28:30',1),(66,'asdf',7,15,'1','판매중','1,235,637','<p><img src=\"/joongo/upload/ea6f6f3b-d20f-4a30-ac03-bb9c92522272.png&#10;\" title=\"asd.png\"><br style=\"clear:both;\"><img src=\"/joongo/upload/8d6dd2fd-b3c9-4ed6-b81f-4e1f3c5e6de8.jpg&#10;\" title=\"asd.jpg\"><br style=\"clear:both;\"><img src=\"/joongo/upload/a7c6d29a-293b-451c-9d80-e33c4f3a16c1.bmp&#10;\" title=\"asd.bmp\"><br style=\"clear:both;\"><img src=\"/joongo/upload/943f8286-9c42-4c98-8356-c3bcae4c79d8.gif&#10;\" title=\"asd.gif\"><br style=\"clear:both;\">&nbsp;</p>','','2018-12-05 11:54:24',1),(67,'asdsadads',6,15,'1','판매중','2,134,214','<p>asdsad<img src=\"/joongo/upload/8597a72a-7559-474b-a3ed-a0ee027482a4.png&#10;\" title=\"2.png\">&nbsp;</p>','','2018-12-07 12:11:41',1),(68,'고용노동부 출석 내공100',5,15,'1','판매중','3,444','<p><img src=\"/joongo/upload/4194142c-b229-4b1e-b888-64d162288c2e.png&#10;\" title=\"2.png\"><br style=\"clear:both;\">&nbsp;</p>','','2018-12-08 03:13:43',1),(69,'고용노동부 출석 내공100',4,15,'1','판매중','3,444','<p><img src=\"/joongo/upload/4194142c-b229-4b1e-b888-64d162288c2e.png&#10;\" title=\"2.png\"><br style=\"clear:both;\">&nbsp;</p>','','2018-12-08 03:13:47',1),(70,'고용노동부 출석 내공100',3,15,'1','판매중','3,444','<p><img src=\"/joongo/upload/4194142c-b229-4b1e-b888-64d162288c2e.png&#10;\" title=\"2.png\"><br style=\"clear:both;\">&nbsp;</p>','','2018-12-08 03:13:50',1),(71,'고용노동부 출석 내공100',2,15,'1','판매중','3,444','<p><img src=\"/joongo/upload/4194142c-b229-4b1e-b888-64d162288c2e.png&#10;\" title=\"2.png\"><br style=\"clear:both;\">&nbsp;</p>','','2018-12-08 03:13:54',1),(72,'고용노동부 출석 내공100',1,15,'1','판매중','3,444','<p>d<br style=\"clear:both;\">&nbsp;</p>','','2018-12-08 03:14:03',1),(73,'123',1,2,'나는야김승용','판매중','123','<p>123</p>','','2018-12-12 09:09:37',0),(74,'123',1,2,'나는야김승용','판매중','123','<p>123</p>','','2018-12-12 09:15:44',0),(75,'123',1,2,'나는야김승용','판매중','123','<p>123</p>','','2018-12-12 10:08:36',1),(76,'123',1,2,'나는야김승용','판매중','123','<p>123</p>','','2018-12-12 10:09:06',0),(77,'123',7,2,'나는야김승용','판매중','123','<p>123</p>','','2018-12-12 11:16:24',0),(78,'1231111111',4,2,'나는야김승용','판매중','123','<p>123</p>\r\n						','','2018-12-12 11:20:22',0),(79,'123',1,2,'나는야김승용','판매중','123','<p>123</p>','','2018-12-13 11:50:44',1),(80,'12345',1,2,'나는야김승용','판매중','12,345','<p>12345<img src=\"/joongo/upload/d4f42ee7-1dd2-4733-935f-822398ce77a4.jpg&#10;\" title=\"3.jpg\"><br style=\"clear:both;\"><img src=\"/joongo/upload/8c42e206-02d7-46ab-bfc4-c098a17f0ac1.jpg&#10;\" title=\"1.jpg\"><br style=\"clear:both;\"><img src=\"/joongo/upload/ad48d5b1-8cd2-4153-9252-2c977a19d353.jpg&#10;\" title=\"2.jpg\">&nbsp;</p>','','2018-12-14 09:31:42',1),(81,'123',1,2,'나는야김승용','판매중','123','<p>123<img src=\"/joongo/upload/52cf51a1-c688-4caf-9294-a31ad41b7fe2.jpg&#10;\" title=\"3.jpg\"><br style=\"clear:both;\"><img src=\"/joongo/upload/368f959e-a2bc-4ada-87ed-39910553803d.jpg&#10;\" title=\"2.jpg\"><br style=\"clear:both;\"><img src=\"/joongo/upload/ef430eac-bcd5-4094-ab75-412ee0881766.jpg&#10;\" title=\"1.jpg\">&nbsp;</p>','','2018-12-14 10:53:02',1),(82,'123',1,2,'나는야김승용','판매중','123','<p>123</p>','','2018-12-14 11:07:19',1),(83,'123',1,2,'나는야김승용','판매중','123','<p>123<img src=\"/joongo/upload/ceb8c36c-552d-4f18-a95d-c9c22f74eb63.jpg&#10;\" title=\"5.jpg\"><br style=\"clear:both;\"><img src=\"/joongo/upload/9bc94eba-566b-4698-9603-b6e5dcbbe638.jpg&#10;\" title=\"4.jpg\">&nbsp;</p>','','2018-12-14 11:07:36',1),(84,'asd',1,2,'나는야김승용','판매중','123','<p><img src=\"/joongo/upload/44b7b08a-f6a6-4a98-913d-1dd9a9dac859.jpg&#10;\" title=\"5.jpg\"><br style=\"clear:both;\"><img src=\"/joongo/upload/36524fe5-c344-4997-ba57-628365356e08.jpg&#10;\" title=\"3.jpg\"><br style=\"clear:both;\"><img src=\"/joongo/upload/c2cb927d-5fc7-422f-8d82-c92ba8eec532.jpg&#10;\" title=\"4.jpg\"><br style=\"clear:both;\"><img src=\"/joongo/upload/a2fd116f-41d9-4306-9ff3-d1431c126a4a.jpg&#10;\" title=\"1.jpg\"><br style=\"clear:both;\"><img src=\"/joongo/upload/4bd12fdc-c9be-4ee4-a53f-4ee64bfb9622.jpg&#10;\" title=\"2.jpg\"><br style=\"clear:both;\">&nbsp;</p>','','2018-12-14 12:01:01',1),(85,'asd',1,2,'나는야김승용','판매중','123','<p>asd<img src=\"/joongo/upload/bdf17b7e-5eb2-4007-8cfc-be9ea2cc1a33.jpg&#10;\" title=\"3.jpg\"><br style=\"clear:both;\"><img src=\"/joongo/upload/bf05e978-d52b-477c-b9a8-e0e30e01c209.jpg&#10;\" title=\"2.jpg\"><br style=\"clear:both;\"><img src=\"/joongo/upload/c477787c-f528-46d9-a9e3-bf258e30ace4.jpg&#10;\" title=\"4.jpg\"><br style=\"clear:both;\"><img src=\"/joongo/upload/3a9c53cf-0de6-4b9d-8256-de577022a452.jpg&#10;\" title=\"5.jpg\"><br style=\"clear:both;\"><img src=\"/joongo/upload/2157f24b-c93d-4a86-9363-d7f6d6807d53.jpg&#10;\" title=\"1.jpg\">&nbsp;</p>','','2018-12-14 12:01:44',0),(86,'asd',1,2,'나는야김승용','판매중','123','<p><img src=\"/joongo/upload/7af3f4e9-36a1-48d0-ba69-30c16c30a021.jpg&#10;\" title=\"5.jpg\"><br style=\"clear:both;\"><img src=\"/joongo/upload/0f379de1-31c9-4a6b-ad23-96a11f434fd8.jpg&#10;\" title=\"3.jpg\"><br style=\"clear:both;\"><img src=\"/joongo/upload/08714f22-73d8-4e6f-930f-b143dabc4bb7.jpg&#10;\" title=\"2.jpg\"><br style=\"clear:both;\"><img src=\"/joongo/upload/557f4781-30c4-4bae-82f8-b139e7a951a0.jpg&#10;\" title=\"4.jpg\"><br style=\"clear:both;\"><img src=\"/joongo/upload/34c9bc92-cfd9-455f-a70d-928ab50d1f2e.jpg&#10;\" title=\"1.jpg\"><br style=\"clear:both;\">&nbsp;</p>','','2018-12-14 12:08:50',0),(87,'123',1,2,'나는야김승용','판매중','123','<p>123<img src=\"/joongo/upload/f1063a94-8f86-4f8e-9ce2-ec457e38536b.jpg&#10;\" title=\"2.jpg\"><br style=\"clear:both;\"><img src=\"/joongo/upload/ee350447-5e0f-4cf7-b72c-c0c4611076df.jpg&#10;\" title=\"5.jpg\"><br style=\"clear:both;\"><img src=\"/joongo/upload/3adee222-3111-45ae-a6e4-47c55e62367d.jpg&#10;\" title=\"4.jpg\"><br style=\"clear:both;\"><img src=\"/joongo/upload/0e35f58c-02f3-4e05-ae51-ab05d340c0e8.jpg&#10;\" title=\"3.jpg\"><br style=\"clear:both;\"><img src=\"/joongo/upload/fd62ba25-d476-421f-8c33-b4fd363376b8.jpg&#10;\" title=\"1.jpg\">&nbsp;</p>','','2018-12-14 12:14:31',0),(88,'asd',1,2,'나는야김승용','판매중','123','<p><img src=\"/joongo/upload/80a07264-2501-4b61-aa56-f7f9d5d9ad53.jpg&#10;\" title=\"3.jpg\"><br style=\"clear:both;\"><img src=\"/joongo/upload/ea976029-93da-472b-a72d-17871ffd50aa.jpg&#10;\" title=\"2.jpg\"><br style=\"clear:both;\"><img src=\"/joongo/upload/277d3e85-a88a-463d-9e46-2f3261501a24.jpg&#10;\" title=\"4.jpg\"><br style=\"clear:both;\"><img src=\"/joongo/upload/083020f2-aa0f-4c15-9632-3f1013ec72d8.jpg&#10;\" title=\"1.jpg\"><br style=\"clear:both;\"><img src=\"/joongo/upload/bad9622b-1782-461e-9089-d3d2654c9a6c.jpg&#10;\" title=\"5.jpg\"><br style=\"clear:both;\">&nbsp;</p>','','2018-12-14 12:39:46',0),(89,'123',1,2,'나는야김승용','판매중','123','<img src=\"/joongo/upload/23a84806-2db3-4121-9733-4a18952f99dc.jpg\" width=\"400px\" height=\"400px\">\r\n								\r\n								<img src=\"/joongo/upload/07b1f3b7-bb21-4076-b066-3f84e3f1f10f.jpg\" width=\"400px\" height=\"400px\">\r\n								\r\n								<img src=\"/joongo/upload/4c648a6f-fb3f-4b25-9438-9f84a9c236d4.jpg\" width=\"400px\" height=\"400px\">\r\n								\r\n								<img src=\"/joongo/upload/4c648a6f-fb3f-4b25-9438-9f84a9c236d4.jpg\" width=\"400px\" height=\"400px\">','','2018-12-15 02:45:57',0),(90,'123',1,2,'나는야김승용','판매중','123','<img src=\"/joongo/upload/aaf8daa8-277d-4b18-bee1-5af0d28ee272.jpg\" width=\"400px\" height=\"400px\">\r\n								\r\n								<img src=\"/joongo/upload/5690c347-fe36-42b2-b6ac-b24e7ca4a3cb.jpg\" width=\"400px\" height=\"400px\">\r\n								\r\n								<img src=\"/joongo/upload/aaf8daa8-277d-4b18-bee1-5af0d28ee272.jpg\" width=\"400px\" height=\"400px\">\r\n								\r\n								<img src=\"/joongo/upload/5690c347-fe36-42b2-b6ac-b24e7ca4a3cb.jpg\" width=\"400px\" height=\"400px\">\r\n								\r\n						\r\n						','','2018-12-15 02:50:17',0),(91,'123',1,2,'나는야김승용','판매중','123','<img src=\"/joongo/upload/6df374fa-fa8d-4c68-89b1-adcc5cfa36cd.jpg\" width=\"400px\" height=\"400px\">\r\n								\r\n									<img src=\"/joongo/upload/402dcf93-b721-48d7-949e-0150e0e592af.jpg\" width=\"400px\" height=\"400px\">\r\n								\r\n							\r\n						','','2018-12-15 02:55:00',0),(92,'1234',1,2,'나는야김승용','판매중','1,234','<p>123<img src=\"/joongo/upload/8acaebf3-6594-4f0e-8138-9929196e5fac.jpg&#10;\" title=\"5.jpg\"><br style=\"clear:both;\"><img src=\"/joongo/upload/cd7f361a-493e-401f-aafe-2a69c27bf387.jpg&#10;\" title=\"4.jpg\">&nbsp;</p>\r\n						','','2018-12-15 04:22:53',0),(93,'1',1,2,'나는야김승용','판매중','123','<p>123<img src=\"/joongo/upload/ce33a792-d4b6-4d9b-b092-fce758baa9be.jpg&#10;\" title=\"5.jpg\"><br style=\"clear:both;\"><img src=\"/joongo/upload/14241729-7937-408e-841e-f9afe7c47fe4.jpg&#10;\" title=\"3.jpg\"><br style=\"clear:both;\"><img src=\"/joongo/upload/23de0c82-062f-464b-9bac-9d330fa54f7d.jpg&#10;\" title=\"4.jpg\"><br style=\"clear:both;\">&nbsp;</p>\r\n						\r\n						','','2018-12-15 05:33:43',0),(94,'123',1,2,'나는야김승용','판매중','123','<p>&nbsp;</p>','','2018-12-15 06:23:06',1),(95,'123',1,2,'나는야김승용','판매중','213','<p>&nbsp;</p>','','2018-12-15 06:23:14',1),(96,'123',1,2,'나는야김승용','판매중','123','<p>123<img src=\"/joongo/upload/de36606c-0f59-4ca9-84b0-c0cc42fe2cee.jpg&#10;\" title=\"4.jpg\"><br style=\"clear:both;\">&nbsp;</p>\r\n						','','2018-12-15 06:41:58',1),(97,'123',1,2,'나는야김승용','판매중','123','<p>123<img src=\"/joongo/upload/d80fcfc4-2403-4705-aff7-8281e0dcbd8e.jpg&#10;\" title=\"4.jpg\"><br style=\"clear:both;\"><img src=\"/joongo/upload/863f4547-7102-44ab-9f1e-3a58d8c4598d.jpg&#10;\" title=\"5.jpg\">&nbsp;</p>\r\n						','','2018-12-15 06:45:18',1),(98,'asdf',1,2,'나는야김승용','판매중','123','<p><img src=\"/joongo/upload/a2d36391-2a4b-41e9-bc02-5b956d7d354a.jpg&#10;\" title=\"2.jpg\"><br style=\"clear:both;\"><img src=\"/joongo/upload/4825a44d-dc0b-4fd3-8d90-c83f9f2b98dd.jpg&#10;\" title=\"3.jpg\"><br style=\"clear:both;\"><br style=\"clear:both;\">&nbsp;</p>\r\n						','','2018-12-15 06:53:54',1),(99,'asd',1,2,'나는야김승용','판매중','123','<p><img src=\"/joongo/upload/5a42c655-e358-48cc-95f9-4ab076dd0cb1.jpg&#10;\" title=\"5.jpg\"><br style=\"clear:both;\"><img src=\"/joongo/upload/50c11cba-8b2c-4062-960f-0e44cf7ce11d.jpg&#10;\" title=\"4.jpg\"><br style=\"clear:both;\">&nbsp;</p>\r\n						\r\n						','','2018-12-15 07:17:47',1),(101,'야이야이야',1,2,'나는야김승용','판매중','1,324','<p><img src=\"/joongo/upload/13df8ae8-6b33-4694-be49-9f6ad684f0ec.jpg&#10;\" title=\"5.jpg\"><br style=\"clear:both;\"><img src=\"/joongo/upload/cdb5a222-79a2-4164-a044-b1c51b923535.jpg&#10;\" title=\"2.jpg\"><br style=\"clear:both;\"><img src=\"/joongo/upload/ac60f958-f720-400b-bc55-c52cf597f927.jpg&#10;\" title=\"4.jpg\"><br style=\"clear:both;\"><img src=\"/joongo/upload/05370e19-f78b-4ad8-86ba-40001c99538d.jpg&#10;\" title=\"1.jpg\"><br style=\"clear:both;\"><br style=\"clear:both;\">&nbsp;</p>\r\n						','','2018-12-15 08:14:42',1),(102,'테스트',1,2,'나는야김승용','판매중','12,345','<p><img src=\"/joongo/upload/484f05c9-7c30-4db5-b3d4-1ca3db268e25.jpg&#10;\" title=\"3.jpg\"><br style=\"clear:both;\"><img src=\"/joongo/upload/ad817f44-943c-41ff-979e-9e38d07da8f9.jpg&#10;\" title=\"5.jpg\"><br style=\"clear:both;\"><img src=\"/joongo/upload/5164503a-e24e-4e18-8877-b1a59319dcb8.jpg&#10;\" title=\"4.jpg\"><br style=\"clear:both;\"><img src=\"/joongo/upload/33584152-0e56-4471-a8ce-f2b6d80ada86.jpg&#10;\" title=\"1.jpg\"><br style=\"clear:both;\"><br style=\"clear:both;\">&nbsp;</p>\r\n						','','2018-12-15 08:17:38',1),(103,'테테테스트',1,2,'나는야김승용','판매중','1,243','<p><img src=\"/joongo/upload/a3962ae7-be70-43a6-8420-ba3901379ba8.jpg&#10;\" title=\"3.jpg\"><br style=\"clear:both;\"><img src=\"/joongo/upload/891d2a92-277b-4123-b437-b408a4aa8c7a.jpg&#10;\" title=\"5.jpg\"><br style=\"clear:both;\"><br style=\"clear:both;\">&nbsp;</p>\r\n						','','2018-12-15 08:19:53',1),(104,'1243',1,2,'나는야김승용','판매중','124','<p><img src=\"/joongo/upload/d86e092a-c326-4d24-895c-d0665813aba7.jpg&#10;\" title=\"3.jpg\"><br style=\"clear:both;\"><img src=\"/joongo/upload/f9f42eb6-d3f0-4b26-b5f9-0a32eabc7602.jpg&#10;\" title=\"4.jpg\"><br style=\"clear:both;\"><br style=\"clear:both;\">&nbsp;</p>\r\n						','','2018-12-15 08:21:26',1),(105,'1243',1,2,'나는야김승용','판매중','124','<p><img src=\"/joongo/upload/ab60bb3b-a843-4dbc-a119-7907d59e46f6.jpg&#10;\" title=\"5.jpg\"><br style=\"clear:both;\"><img src=\"/joongo/upload/e64632a3-bff4-4832-a0e7-4acf3ba1b734.jpg&#10;\" title=\"4.jpg\"><br style=\"clear:both;\">&nbsp;</p>\r\n						','','2018-12-15 08:24:10',1),(106,'1243',1,2,'나는야김승용','판매중','124','<p><img src=\"/joongo/upload/b88507f8-e6a9-4507-b954-f63494100c10.jpg&#10;\" title=\"4.jpg\"><br style=\"clear:both;\"><img src=\"/joongo/upload/f3e51a75-86fa-4306-a1d5-49bad34bee67.jpg&#10;\" title=\"2.jpg\"><br style=\"clear:both;\"><img src=\"/joongo/upload/e4107b62-334b-4630-b7b9-4b20dc360721.jpg&#10;\" title=\"3.jpg\"><br style=\"clear:both;\">&nbsp;</p>\r\n						','','2018-12-15 08:26:11',1),(107,'124124333',1,2,'나는야김승용','판매중','124','<p><img src=\"/joongo/upload/a035d23b-62a3-4cd6-a406-e80b0c3c88a1.jpg&#10;\" title=\"5.jpg\"><br style=\"clear:both;\"><img src=\"/joongo/upload/975a0032-3e65-45ff-b2c4-ee482418d374.jpg&#10;\" title=\"4.jpg\"><br style=\"clear:both;\">&nbsp;</p>\r\n						','','2018-12-15 08:28:19',1),(108,'12432',1,2,'나는야김승용','판매중','1,243','<p><img src=\"/joongo/upload/24cf570e-b4ee-46ca-ae64-d02722529bc5.jpg&#10;\" title=\"4.jpg\"><br style=\"clear:both;\"><img src=\"/joongo/upload/05cbccec-ab8c-4701-a25b-3449d2462983.jpg&#10;\" title=\"5.jpg\"><br style=\"clear:both;\">&nbsp;</p>\r\n						','','2018-12-15 08:29:09',1),(109,'4454554',1,2,'나는야김승용','판매중','4,444','<p><img src=\"/joongo/upload/fd033033-d9f5-47d7-be93-4e174dc2726d.jpg&#10;\" title=\"4.jpg\"><br style=\"clear:both;\"><img src=\"/joongo/upload/b400bdc3-9322-49e0-b23b-87b1a06bfc22.jpg&#10;\" title=\"5.jpg\"><br style=\"clear:both;\">&nbsp;</p>\r\n						','','2018-12-15 08:32:39',1),(110,'안바꿔',1,2,'나는야김승용','판매중','121,432,341,243','<p><img src=\"/joongo/upload/b1925e2f-16f2-45dd-81eb-b3d073c28401.jpg&#10;\" title=\"4.jpg\"><br style=\"clear:both;\"><img src=\"/joongo/upload/77c28d71-1f4b-46ba-b8bd-101593aaea22.jpg&#10;\" title=\"5.jpg\"><br style=\"clear:both;\">&nbsp;</p>\r\n						','','2018-12-15 08:34:39',1),(111,'13412412123',1,2,'나는야김승용','판매중','1,243,124','<p><img src=\"/joongo/upload/e44e2960-5722-4fe9-a37a-92a9f6d9fc56.jpg&#10;\" title=\"1.jpg\"><br style=\"clear:both;\"><img src=\"/joongo/upload/03eecf45-c65e-49af-9ef0-e9cfe2714a7f.jpg&#10;\" title=\"2.jpg\"><br style=\"clear:both;\">&nbsp;</p>\r\n						','','2018-12-15 08:41:27',1),(112,'123124',1,2,'나는야김승용','판매중','21,111','<p><img src=\"/joongo/upload/6ba9ee65-9eaa-49ce-ae80-241aed29b3c5.jpg&#10;\" title=\"2.jpg\"><br style=\"clear:both;\"><img src=\"/joongo/upload/42226854-ab02-4c72-a784-5a24ab69d483.jpg&#10;\" title=\"1.jpg\"><br style=\"clear:both;\">&nbsp;</p>\r\n						','','2018-12-15 08:44:36',0),(113,'12431243',1,2,'나는야김승용','판매중','124,124','<p><img src=\"/joongo/upload/b126ddf4-f69a-4ec6-8fff-1d7561082cc3.jpg&#10;\" title=\"2.jpg\"><br style=\"clear:both;\"><img src=\"/joongo/upload/5fb49e11-1ac4-4094-ba0f-9bc56d20b8ab.jpg&#10;\" title=\"1.jpg\"><br style=\"clear:both;\">&nbsp;</p>\r\n						','','2018-12-15 08:46:06',0),(114,'asdf',1,2,'나는야김승용','판매중','124,124','<p><br style=\"clear:both;\"><br><br>dido양ㄴ양ㄴ먕얌ㄴㅇ럄ㄴ럄ㄴ얆ㄴ야ㅑ야야</p><p>&nbsp;</p><p>&nbsp;</p><p><img src=\"/joongo/upload/493d96e2-e450-4762-895a-71f8fcb381c9.jpg&#10;\" title=\"3.jpg\"><br style=\"clear:both;\">&nbsp;</p>\r\n						\r\n						\r\n						\r\n						','','2018-12-15 08:49:18',0),(115,'asd',1,1,'parkjg200','판매중','123','<p><img src=\"/joongo/upload/11ce0b2d-c2c0-4d3c-bbf2-77b56b487950.jpg&#10;\" title=\"5.jpg\"><br style=\"clear:both;\"><img src=\"/joongo/upload/bf0b3a57-0d40-4005-8dd3-962550538553.jpg&#10;\" title=\"4.jpg\"><br style=\"clear:both;\"><img src=\"/joongo/upload/f7690bf0-c612-4ee0-9f22-cce93519e70f.jpg&#10;\" title=\"3.jpg\"><br style=\"clear:both;\"><img src=\"/joongo/upload/1f2152eb-6028-4dc0-bfad-05c88f4e4bf9.jpg&#10;\" title=\"2.jpg\"><br style=\"clear:both;\"><img src=\"/joongo/upload/886f7d8c-f1f5-4c3a-84ff-96238bc7d739.jpg&#10;\" title=\"1.jpg\"><br style=\"clear:both;\">&nbsp;</p>','','2018-12-17 09:17:48',1),(116,'asdfs',1,9,'ㅁㄴㅇㄹ','판매중','1,234','<p><img src=\"/joongo/upload/32115b57-6c89-43da-8c5e-02bd74afbf12.png&#10;\" title=\"1.png\"><br style=\"clear:both;\">&nbsp;</p>','','2018-12-17 11:32:02',1),(117,'asdasd',1,15,'a','판매중','1,231,231,231','<p>asdasdasdsa</p>','','2018-12-17 11:48:48',1),(118,'asaaaa',1,15,'a','판매중','123,123','<p>aaaaaaa</p>','','2018-12-17 11:49:18',1),(119,'asdasd',1,15,'a','판매중','12,312,312','<p>asdasd</p>','','2018-12-17 11:51:57',1),(120,'asdasdsa',1,15,'a','판매중','2','<p>asdsad</p>','','2018-12-17 11:52:59',1),(121,'asdasd',1,15,'a','판매중','12,312,312','<p>asdasd</p>','','2018-12-17 11:53:11',1),(122,'&lt;',1,23,'asd','판매중','123','<p>asd</p>','','2018-12-18 09:33:34',0),(123,'asd',1,23,'asd','판매중','3,444','<p>&amp;lt;</p>','','2018-12-18 09:34:27',0),(124,'&lt;',1,23,'asd','판매중','423,342','<p>asd</p>','','2018-12-18 09:35:52',0),(125,'%lt;',1,23,'asd','판매중','123,123','<p>%lt;&nbsp;</p>','','2018-12-18 09:36:06',0),(126,'lt;',1,23,'asd','판매중','123,123','<p>%lt;&nbsp;</p>','','2018-12-18 09:36:12',0),(127,'&lt;',1,23,'asd','판매중','123,123','<p>&amp;lt;</p>','','2018-12-18 09:36:20',0),(128,'&lt;',1,23,'asd','판매중','123','<p>&amp;lt;&nbsp;</p>','','2018-12-18 09:43:18',0),(129,'&lt;',1,23,'asd','판매중','1,123,123','<p>&amp;lt;&nbsp;</p>','','2018-12-18 09:43:54',0),(130,'&lt;   <',1,23,'asd','판매중','123','<p>&amp;lt;&nbsp; &nbsp;&lt;&nbsp;</p>','','2018-12-18 10:02:15',1),(131,'그랜드 피아노 삽니다',4,9,'ㅁㄴㅇㄹ','판매중','10,000,000','<p><img src=\"/joongo/upload/9664a4ea-2b32-4440-8ff8-8b452d3e76a9.PNG&#10;\" title=\"t.PNG\"></p><p>&nbsp;</p><p><span style=\"font-family: 바탕체, batangche; font-size: 36pt;\">그랜드 피아노 사요</span></p><p><span style=\"font-family: 바탕체, batangche; font-size: 36pt;\">&nbsp;</span></p><p><font face=\"바탕체, batangche\"><span style=\"font-size: 48px;\">더 비싸게 사요</span></font></p><p>&nbsp;</p><p>&nbsp;</p><p><br style=\"clear:both;\">&nbsp;</p>\r\n						\r\n						','피아노,삽니다','2018-12-18 12:33:25',1),(132,'123',1,23,'asd','판매중','123','<p><img src=\"/joongo/upload/f0657025-78b0-466e-a126-81bb9c156aef.png&#10;\" title=\"1.png\"><br style=\"clear:both;\">&nbsp;<span style=\"font-family: 궁서, gungsuh, gungseo; font-size: 36pt;\">ㅁㄴㅇㅁㄴㅇㅁㅇ</span></p><p><span style=\"font-family: 궁서, gungsuh, gungseo; font-size: 36pt;\">ㅇㅇㅇㅇㅇ</span></p>\r\n						\r\n						\r\n						','','2018-12-18 12:35:33',1),(134,'123',1,23,'asd','판매중','123','<p>123</p>\r\n						\r\n						','','2018-12-18 12:50:55',1),(135,'123',1,10,'123456','판매중','123','<p>하히호하히호하히호<img src=\"/joongo/upload/8e7e606d-9d35-44f8-9a86-f13f9dcdf709.PNG&#10;\" title=\"t.PNG\">&nbsp;</p><p>&nbsp;</p><p>피아노 팔았어요</p>\r\n						\r\n						','피아노,판매완료','2018-12-19 09:15:59',1),(138,'&amp;&',1,23,'asd','판매중','123,456','<p>&amp;amp;&amp;&nbsp;</p>','','2018-12-20 12:22:48',1),(139,'&amp;&',1,23,'asd','판매완료','123,456','<p>&amp;&amp; 123</p>\r\n						','','2018-12-20 12:29:40',1),(140,'123',1,23,'asd','판매중','123','<p>123</p>','','2018-12-21 10:17:10',1),(141,'ㅁㄴㅇㄹㄴㅁㅇㄻㅇㄹ',1,22,'a','판매중','1,234,124','<p>124<img src=\"/joongo/upload/4ec9cdab-7f54-48fd-b276-4160e887110c.PNG&#10;\" title=\"t.PNG\"><br style=\"clear:both;\"><img src=\"/joongo/upload/5987d1f9-f2a3-404e-8762-217491c04c2a.PNG&#10;\" title=\"t.PNG\"><br style=\"clear:both;\"><img src=\"/joongo/upload/863ddec9-202f-489d-a5bb-a007a5050415.PNG&#10;\" title=\"t.PNG\">&nbsp;</p><p>&nbsp;</p><p>피아노</p><p>&nbsp;</p><p>피ㅣ</p><p>피</p><p>아</p><p>노</p><p>tags</p><p>&nbsp;</p><p>&nbsp;</p>','','2018-12-21 12:11:13',1);
/*!40000 ALTER TABLE `products` ENABLE KEYS */;
UNLOCK TABLES;

--
-- Table structure for table `report`
--

DROP TABLE IF EXISTS `report`;
/*!40101 SET @saved_cs_client     = @@character_set_client */;
 SET character_set_client = utf8mb4 ;
CREATE TABLE `report` (
  `reportNo` int(11) NOT NULL AUTO_INCREMENT,
  `demandNo` int(11) NOT NULL,
  `claimeeNo` int(11) NOT NULL,
  `reportId` int(11) NOT NULL,
  `content` text,
  `wdate` timestamp NULL DEFAULT CURRENT_TIMESTAMP,
  PRIMARY KEY (`reportNo`)
) ENGINE=InnoDB AUTO_INCREMENT=12 DEFAULT CHARSET=utf8mb4 COLLATE=utf8mb4_0900_ai_ci;
/*!40101 SET character_set_client = @saved_cs_client */;

--
-- Dumping data for table `report`
--

LOCK TABLES `report` WRITE;
/*!40000 ALTER TABLE `report` DISABLE KEYS */;
INSERT INTO `report` VALUES (2,1,10,0,'123','2018-12-19 12:26:35'),(3,1,10,2,'123','2018-12-19 12:26:57'),(5,1,10,0,'123','2018-12-19 12:40:45'),(7,1,10,0,'123','2018-12-19 12:48:26'),(10,1,10,1,'123467','2018-12-20 09:33:24'),(11,23,1,1,'12345','2018-12-21 09:53:03');
/*!40000 ALTER TABLE `report` ENABLE KEYS */;
UNLOCK TABLES;

--
-- Table structure for table `reportcategories`
--

DROP TABLE IF EXISTS `reportcategories`;
/*!40101 SET @saved_cs_client     = @@character_set_client */;
 SET character_set_client = utf8mb4 ;
CREATE TABLE `reportcategories` (
  `reportId` int(11) NOT NULL AUTO_INCREMENT,
  `reportType` varchar(100) NOT NULL,
  PRIMARY KEY (`reportId`)
) ENGINE=InnoDB AUTO_INCREMENT=7 DEFAULT CHARSET=utf8mb4 COLLATE=utf8mb4_0900_ai_ci;
/*!40101 SET character_set_client = @saved_cs_client */;

--
-- Dumping data for table `reportcategories`
--

LOCK TABLES `reportcategories` WRITE;
/*!40000 ALTER TABLE `reportcategories` DISABLE KEYS */;
INSERT INTO `reportcategories` VALUES (1,'비방 및 욕설'),(2,'사기 거래'),(3,'광고 및 매크로'),(4,'개인정보 노출'),(5,'음란성 글 작성'),(6,'유해물질 판매');
/*!40000 ALTER TABLE `reportcategories` ENABLE KEYS */;
UNLOCK TABLES;

--
-- Table structure for table `review`
--

DROP TABLE IF EXISTS `review`;
/*!40101 SET @saved_cs_client     = @@character_set_client */;
 SET character_set_client = utf8mb4 ;
CREATE TABLE `review` (
  `reviewNo` int(8) NOT NULL AUTO_INCREMENT,
  `pageNo` int(11) NOT NULL,
  `userNo` int(8) NOT NULL,
  `nickname` varchar(24) NOT NULL,
  `content` text,
  `wdate` timestamp NULL DEFAULT CURRENT_TIMESTAMP,
  PRIMARY KEY (`reviewNo`)
) ENGINE=InnoDB AUTO_INCREMENT=19 DEFAULT CHARSET=utf8mb4 COLLATE=utf8mb4_0900_ai_ci;
/*!40101 SET character_set_client = @saved_cs_client */;

--
-- Dumping data for table `review`
--

LOCK TABLES `review` WRITE;
/*!40000 ALTER TABLE `review` DISABLE KEYS */;
INSERT INTO `review` VALUES (1,15,15,'ㅁ','와우!','2018-12-19 10:58:50'),(2,15,15,'ㅁ','ㅁㅁㅁ','2018-12-19 11:01:07'),(3,15,15,'ㅁ','15ㅁㄴ1ㅇ5ㅁㄴㅇㄴㅁㅇㅁㄴㅇ','2018-12-19 11:01:07'),(4,15,15,'ㅁ','ㅁㄴㅇㄹㄴㅁㅇㄹ','2018-12-19 11:01:07'),(5,15,15,'ㅁ','ㄴㄻㄴㅇㄹ','2018-12-19 11:01:07'),(6,15,15,'ㅁ','ㄴㅁㄹㄴㅁㄹ','2018-12-19 11:01:07'),(7,15,15,'ㅁㄴㅇㅁㄴㅇㅁㄴㅇㅁㄴㅇ','ㅁㅁㄴㅇㅁㄴㅇㅁㄴㅇㅁㄴㅇㅁㄴ','2018-12-19 11:01:07'),(8,15,15,'ㅁㅁㅁ','ㄴㅁㄹㄴㅇㄹ','2018-12-19 11:01:07'),(9,15,15,'ㅁㅁ','ㄴㅁㅇㄹㄴㅁㅇㄹ','2018-12-19 11:01:07'),(10,15,15,'ㅁㅁㅁ','ㄴㅁㄹ','2018-12-19 11:01:07'),(11,15,15,'ㅁㅁ','ㄴㅁㅇㄹㄴㅁㅇ','2018-12-19 11:01:07'),(12,15,15,'ㅁㅁ','ㄹㄴㅁㅇㄴㅁㄹㅇ','2018-12-19 11:01:07'),(13,15,15,'ㅁㅁ','ㄴㅁㅇㄻㄴㅇㄹㄴㅁㅇㄻㄴㅇㄹㄴㄴㄴㄴㄴㄴㄴㄴㄴㄴ','2018-12-19 11:01:07'),(14,10,23,'asd','123','2018-12-20 12:17:31'),(15,10,23,'asd','123','2018-12-20 12:17:35'),(18,22,15,'a','이씨발롬이 돈 떼먹었어요 시발롬아','2018-12-21 12:13:04');
/*!40000 ALTER TABLE `review` ENABLE KEYS */;
UNLOCK TABLES;

--
-- Table structure for table `users`
--

DROP TABLE IF EXISTS `users`;
/*!40101 SET @saved_cs_client     = @@character_set_client */;
 SET character_set_client = utf8mb4 ;
CREATE TABLE `users` (
  `userNo` int(11) NOT NULL AUTO_INCREMENT,
  `loginId` varchar(100) NOT NULL,
  `password` varchar(100) NOT NULL,
  `password_q` varchar(256) NOT NULL,
  `password_a` varchar(256) NOT NULL,
  `nickname` varchar(24) NOT NULL,
  `name` varchar(100) NOT NULL,
  `email` varchar(256) NOT NULL,
  `phone` varchar(100) NOT NULL,
  `addr` varchar(256) NOT NULL,
  `introduce` text,
  `bdate` datetime DEFAULT NULL,
  `rdate` timestamp NULL DEFAULT CURRENT_TIMESTAMP,
  `isadmin` tinyint(1) DEFAULT '0',
  `able` tinyint(1) DEFAULT '1',
  `kakao` tinyint(1) DEFAULT NULL,
  PRIMARY KEY (`userNo`),
  UNIQUE KEY `loginId` (`loginId`)
) ENGINE=InnoDB AUTO_INCREMENT=28 DEFAULT CHARSET=utf8mb4 COLLATE=utf8mb4_0900_ai_ci;
/*!40101 SET character_set_client = @saved_cs_client */;

--
-- Dumping data for table `users`
--

LOCK TABLES `users` WRITE;
/*!40000 ALTER TABLE `users` DISABLE KEYS */;
INSERT INTO `users` VALUES (1,'parkjg20','parkjg20','나의 보물 1호는?','박진국','parkjg200','박국진','parkjg20@naver.com','010-5543-1787','서울특별시 강동구','김승용 병~신','2000-06-23 00:00:00','2018-11-27 10:42:57',1,1,0),(2,'nnvkk','nnvkk','내가 졸업한 초등학교의 이름은?','박진국','나는야김승용','김승용','nnvkk@naver.com','010-5465-8796','구리','asdsafsad','2000-11-26 00:00:00','2018-11-27 10:45:52',0,0,0),(3,'qkqk1','qhqh1','내가 졸업한 초등학교의 이름은?','박진국','이현승','이현승','saksdkdsk@naver.com','010-1100-1111','제주특별자치도 서귀포시',NULL,'1980-01-01 00:00:00','2018-11-27 12:22:16',0,1,0),(4,'qkqk2','qhqh2','내가 졸업한 초등학교의 이름은?','박진국','김형렬','김형렬','dkdkdk@naver.com','010-1111-1110','경기도 연천군',NULL,'1988-08-05 00:00:00','2018-11-27 12:22:16',0,1,0),(5,'qkqk3','qhqh3','내가 졸업한 초등학교의 이름은?','박진국','김성현','김성현','tjdtjd@naver.com','010-2225-3467','경상북도 울릉군',NULL,'1990-03-31 00:00:00','2018-11-27 12:22:16',0,1,0),(7,'test123','testest123','내가 졸업한 초등학교의 이름은?','박진국123','parkjg20123','박진국123','parkjg20123@naver.com','010-5663-1787','서울특별시 도봉공',NULL,'2000-01-23 00:00:00','2018-11-29 12:00:07',0,1,0),(8,'ss','123412','내가 졸업한 초등학교의 이름은?','123412','123412','aa','parkjg20@naver.com','010-[object Object]-[object Object]','서울특별시 강남구',NULL,'2000-06-23 00:00:00','2018-12-03 09:22:31',0,1,0),(10,'asdf','123456','내가 졸업한 초등학교의 이름은?','123456','안녕하세요','aa','parkjg20@gmail.com','010-1231-7891','서울특별시 강서구',NULL,'2026-10-31 00:00:00','2018-12-03 12:36:04',0,1,0),(14,'aaaa','12341234','내가 졸업한 초등학교의 이름은?','초초초등학교','ㅁㄴㅇㄹ','asdfasdfas','aaaa@nate.com','010-1234-2321','경상북도 울릉군',NULL,'1975-10-23 00:00:00','2018-12-04 11:07:43',0,1,0),(15,'a','aaaaaa','자신이 나온 초등학교 이름은?','a','a','a','a@naver.com','010-1111-1111','서울특별시 중랑구','aaaa','2000-11-26 00:00:00','2018-12-08 02:21:09',0,1,0),(16,'981054128','981054128','나는 담배를 핀적이 있다,없다?','asd','asd','김형렬','kisdo123@naver.com','010-2134-4561','연남동','asdgasdfsad','1993-06-23 00:00:00','2018-12-15 09:20:47',0,0,1),(23,'1','123456','나는 담배를 핀적이 있다,없다?','asda','asd','a','asd@gmail.com','010-8529-7777','asd','fdsf','2000-11-26 00:00:00','2018-12-18 09:12:21',1,1,0);
/*!40000 ALTER TABLE `users` ENABLE KEYS */;
UNLOCK TABLES;

--
-- Dumping routines for database 'joongo'
--
/*!40103 SET TIME_ZONE=@OLD_TIME_ZONE */;

/*!40101 SET SQL_MODE=@OLD_SQL_MODE */;
/*!40014 SET FOREIGN_KEY_CHECKS=@OLD_FOREIGN_KEY_CHECKS */;
/*!40014 SET UNIQUE_CHECKS=@OLD_UNIQUE_CHECKS */;
/*!40101 SET CHARACTER_SET_CLIENT=@OLD_CHARACTER_SET_CLIENT */;
/*!40101 SET CHARACTER_SET_RESULTS=@OLD_CHARACTER_SET_RESULTS */;
/*!40101 SET COLLATION_CONNECTION=@OLD_COLLATION_CONNECTION */;
/*!40111 SET SQL_NOTES=@OLD_SQL_NOTES */;

-- Dump completed on 2018-12-21 21:18:46
